550728e0-d2ca-45c5-9766-351310150041,Engström,Sigge,d4b5b71f-1e7c-4198-9b1a-a7aad5943813,1981-12-19 17:55:17+0000,male,,married,0fd1c11b-fa74-41ee-8306-8309fd9cf923,
ce98d62a-3666-4d3a-ae2f-df315ad448aa,Jonsson,Malcom ,c9dc8b60-d27f-430c-b960-782d854df3a5,2001-01-19 17:55:17+0000,male,,single,,0a15938c-2861-440f-8f1e-daa7db108c91
7e32d46c-7016-42f7-b85c-124abe10ab1f,Johansson,Jamie,5169bfe9-6847-4b15-90c1-d5d1abd25042,1953-05-19 17:55:17+0000,male,,married,81e3582c-0e36-4af5-abae-1f3764b5ed83,
28e6bd31-82a4-4ec4-a232-ed3429ecd6b3,Karlsson,Clara,eb7972dc-1bb9-420e-a9c2-aaef52a16c69,2013-03-19 17:55:17+0000,female,,single,,42543ee9-5c56-44d9-a36e-079030b91299
a4b98ec3-2b30-4839-baa9-40cad416e6ec,Hellström,Yunus,fb403bce-1687-4149-ba80-7b11bd1df918,1951-05-19 17:55:17+0000,male,,married,828452e9-880f-4a78-9548-85b2cb8dd1f2,
ac04a5ea-c64c-44e3-8dc3-94ac22d7c881,Isaksson,Åke,16c64e2b-887b-4a61-91af-ad589b36286d,2006-07-19 16:55:17+0000,male,,single,,c47aef63-db32-44ae-9aed-c5a972c52a2a
6fb91dcc-f077-4fa2-92ac-16282b510fe0,Samuelsson,Aland,1b3cb8d8-0fd8-4d87-9872-1f662b7f0697,2000-04-18 16:55:17+0000,male,,single,,bd685a07-5b8e-4584-b838-372eab9519a6
710dd065-85aa-40c8-b367-7603d036d8d8,Lindholm,Julian,960f2396-6b86-475a-8c31-2a5cb9511cdf,2013-03-19 17:55:17+0000,male,,single,,25452a95-c913-4ad2-8e88-59b4bd913891
05603815-571c-437c-8a92-e0f30fec9aee,Lindqvist,Eva,3b225aa0-ff92-4f30-b50b-9a11bd5a884a,2004-12-19 17:55:17+0000,female,,single,,d6f2b4de-f9b3-4fdc-96e7-f4360176263d
fee2e49e-0fe9-4673-a79b-f003fcabe319,Strömberg,Gry,e27e02d5-5aeb-4f0c-a70c-e8f389fe1b14,1945-02-16 17:55:17+0000,female,,married,58d84567-f9be-4ec1-97fc-c105e732e8bb,
723e5fb4-1a8e-43a1-ad70-02e5d642b474,Samuelsson,Love,b25cf5c5-edc8-421f-a898-45e4a198e04d,1963-12-19 17:55:18+0000,male,,single,,
659f341b-25e2-4e24-9376-7acac078d397,Engström,Elle ,6c93e437-b572-46f1-8ee8-3c0fc9435dba,1944-11-18 17:55:18+0000,female,,single,,
24aad694-bc09-4e1a-b6d2-70af1f8ca23e,Björk,Kaan ,cbcf47ab-14c7-46fb-9209-445bec6491e5,1995-01-19 17:55:18+0000,male,,single,,
0b975675-50fa-4588-81f7-d8665311842d,Jönsson,Pelle,c498df15-fed2-47c3-966d-ca76e504bd8b,2010-02-16 17:55:17+0000,male,,single,,60a5c90a-66de-4020-9ec8-33e0c6c50684
e70df032-9d84-447f-8cfd-d8a850a2bac7,Lindström,Aylin,2d9bf21b-d0a3-4564-a37c-71e946cad465,1939-07-19 17:55:17+0000,female,,married,ff470f14-d04d-448c-95d0-696e8970d00e,
d5e7ef08-c25a-4c53-954d-3bcf61811d80,Karlsson,Claes,f73471ee-b588-46d0-a9b0-0a60293d7011,1964-05-19 17:55:17+0000,male,,married,aa7a8d8f-ed48-4342-b035-e584915fb936,
7e36184e-2609-4f2e-a30b-ad1f478accf9,Ekström,Veronika,160c2566-6fd6-4309-a174-336e20b981e9,1990-11-18 17:55:17+0000,female,,married,5f09b16d-8583-4b11-b880-1db107046da8,
3ab2e563-279c-40c4-8cf6-171a9a81b3ab,Samuelsson,Andrej,1b3cb8d8-0fd8-4d87-9872-1f662b7f0697,2015-09-18 16:55:17+0000,male,,single,,bd685a07-5b8e-4584-b838-372eab9519a6
2c7278e8-a5e4-4aa5-b984-1ff9bd09fd33,Persson,Kim,790dacbb-7201-4846-8786-1c35bbfd2b1c,1972-02-17 17:55:18+0000,female,,single,,
e6a3b90a-5b3e-48de-894b-5c15dede80cb,Lindström,Alicia,b21e39fa-b79a-4985-88d0-bd4f3b13672d,1976-05-19 17:55:17+0000,female,,married,a5b3650f-385d-4deb-9c3c-accc246b192f,
62080706-1f68-4472-9633-ff78dc185c55,Isaksson,Niki,da525fb0-eb5b-48ab-a927-4c6220ea17be,1953-03-19 17:55:17+0000,female,,married,a7bd3c89-baf5-4b89-ba6c-2bac8494e550,
0526f935-158a-4ee7-8886-3e16d06dcb1c,Arvidsson,Abdullah,52a8696f-7ec3-426a-a8a6-18c7f3b93109,1970-07-19 17:55:18+0000,male,,single,,
a600876a-d604-47d6-b0d2-83c47a154ead,Forsberg,Marika,9d4b679a-e25c-400c-afb9-04748ee420fd,1943-04-18 17:55:17+0000,female,,married,e2768ce3-c872-44bb-9c29-e2dff8d05904,
273f03a3-c7c5-407e-b075-58d3c6ddaa22,Nordström,Abbas,2566df8e-a184-4320-9f0f-90369e83accc,1976-08-19 17:55:17+0000,male,,married,911092d9-1048-4b50-91b1-1a3282886abf,
d7adfc46-f7fa-4d98-8a3e-a7a242f6ab03,Lindberg,Lovelia ,3d754c7c-d271-4cc7-8341-4d0c708bbc1b,1979-05-19 17:55:18+0000,female,,single,,
15fe5992-8e35-4fd5-a2c8-44d6bf5f0cf6,Sundström,Imran ,375790a2-9740-459a-86c3-27be4a6c73c2,2000-01-19 17:55:17+0000,male,,married,2253baef-276f-49ca-8aae-af00e5a21df9,
d479380b-4e32-4b9e-ae88-7b7b70e7ea3f,Jönsson,Ömer ,d98f25e9-7e05-42f0-86a1-0a9a209f2497,2002-10-19 16:55:17+0000,male,,single,,bb49f874-6f98-497a-87a0-2415b5e52a2f
0d48d67a-7b64-4f78-97cb-cc4ea4877140,Ek,Muhammed,49736265-20c1-4e43-85cf-ad0939f61886,2016-03-19 17:55:17+0000,male,,single,,a47d9d4d-7eaf-4a97-a09e-2163d354d1e8
0722bf29-79b0-419e-bb93-37f12c2d8787,Eklund,Tindra,63cf4fa2-7017-47f0-9dd1-377022847b39,2004-04-18 16:55:17+0000,female,,single,,676798f0-dc91-4370-8fd7-ba2eda389809
3e6ecdc4-7037-45da-8e85-0e4d47f790b7,Lindqvist,Rayan,b794fb1b-5710-4668-b33f-ef354616f97b,2008-08-19 16:55:17+0000,female,,single,,7bd5e972-5ffa-4ab2-976b-6bc8b57f3f96
31074137-b999-4a31-8bbd-c73a896eee0d,Nordin,Bilal,607871f6-d241-486b-80cb-b61efbddb0a8,1968-12-19 17:55:17+0000,male,,married,b9dc73e9-5bd3-4df5-85ec-5fc42546a017,
ea6336c0-c506-4fbd-9abf-2d3bd0e956a5,Karlsson,Layan,e4529545-49c2-40d0-8691-587d1f3b7e84,2014-07-19 16:55:17+0000,female,,married,fc926e6a-dd26-4ab8-8df9-22c5eb803a45,
74c6f7f3-58f9-4633-8afe-342801321d97,Löfgren,Eren,ed845e0f-eca2-400b-8f6c-5bb8d698d78c,1985-10-19 17:55:17+0000,male,,married,eb1bef21-6b91-4e80-85fa-90a203025638,
e09cee05-1522-42c3-a9d5-a77d02a0abdf,Eriksson,Artin,bddf13dc-56d5-4578-bf36-d2c2a72e132f,1938-05-19 17:55:18+0000,male,,single,,
0a15938c-2861-440f-8f1e-daa7db108c91,Jonsson,Tea,c9dc8b60-d27f-430c-b960-782d854df3a5,1970-09-18 17:55:17+0000,female,,married,67490d49-bca6-4083-86d2-a0d2dc2a9065,
99ec02ff-3c1e-4952-ae29-18534b6f607e,Lindholm,Leonie ,960f2396-6b86-475a-8c31-2a5cb9511cdf,2004-05-19 16:55:17+0000,female,,single,,25452a95-c913-4ad2-8e88-59b4bd913891
3c85dab3-8b5a-466e-b9c2-5e2ac920cc82,Larsson,Gabriela ,30cccac3-2d82-4e8b-ad9d-3aaaa1511340,2000-09-18 16:55:17+0000,female,,single,,a5832ed4-40d7-41bb-98d5-dbca4ef01607
23dd0087-98a5-4147-90bd-fcfceda1f9e4,Bergman,Ariana ,e90ae9ee-945f-407b-97a6-a1536a28a90e,1986-05-19 16:55:17+0000,female,,married,03da0edd-b4af-4070-ac5f-3a5f497b5ef0,
d958f673-7dfe-493c-a153-87af5ca81423,Berggren,Hulda ,8a55b182-00c3-466b-991a-2184949690a5,1997-10-19 16:55:18+0000,female,,single,,
535a7acf-7526-4042-8a64-d2862c2b8b9a,Ali,Amber ,8af875df-4739-458c-bbe8-8bfdd11f705c,2013-09-18 16:55:17+0000,female,,single,,ea5976c0-543e-4112-ab40-b89adb53e4ca
f91abfab-d514-404b-ac54-855329e2bf64,Abrahamsson,Alexandra,73e586ec-6ea1-4eec-a813-275b824b43a1,2001-12-19 17:55:17+0000,female,,single,,335359e9-3906-4c1d-a122-8512f8a3b004
960669f5-e5f0-429e-a91c-e164b7a6e259,Henriksson,Anthon,26fc7a7f-1c2a-4ddd-8a22-fb866eb98e7c,2015-04-18 16:55:17+0000,male,,married,8a313e51-4c50-4fbf-a2aa-97e5b0742502,
2f0f5199-ffe1-453c-9b9a-3865a23a3e67,Wikström,Nova-Li ,229aa7e6-c592-4c4f-83ab-5cd89663a4eb,2012-03-19 17:55:17+0000,female,,married,1e0b37d0-8d91-49c7-a86a-2f50234e68d2,
8bd1b642-b341-45d6-98af-913e0f3d4885,Blom,Novalie ,045792e0-6704-4ca0-9519-76acd88068c9,1964-02-17 17:55:17+0000,female,,married,08a83e52-4a64-4e79-bcfb-ee7e115d9447,
25452a95-c913-4ad2-8e88-59b4bd913891,Lindholm,Amilia,960f2396-6b86-475a-8c31-2a5cb9511cdf,1993-03-19 17:55:17+0000,female,,married,d7db16b8-881a-4959-91f8-0e6921188830,
2b3e1a5b-7583-4ece-95c0-9664ba4990e1,Olsson,Logan ,0d1c4fd1-a51f-46a2-b1eb-6bb5d083a812,2012-06-18 16:55:17+0000,male,,married,869f6d2c-a76d-4311-b327-ad8f63746df1,
4f8e96eb-ee68-4560-940d-a7fba8c905d4,Mattsson,Andréas,17a479be-645c-4751-a9a9-dbda358ea00f,1999-03-19 17:55:17+0000,male,,single,,f42878bc-6f55-4232-be76-9af93c3d29b4
71127761-50a4-4169-ab6f-4c5d7b5428bf,Olofsson,Ida,b0a2a837-4316-4835-8b58-e944ccfd2f25,1998-08-19 16:55:17+0000,female,,single,,38fd53db-d49c-4841-957f-5aa3968f0ee1
a92ec393-2a40-4231-ac33-cde79550ec48,Svensson,Leona,32345ebf-ddd6-4daa-9bfa-f9006a7d25d4,1966-11-18 17:55:18+0000,female,,single,,
d43cf1f1-d7f0-49f8-bba9-3633053c5d2d,Lindqvist,Jennie,3b225aa0-ff92-4f30-b50b-9a11bd5a884a,2015-09-18 16:55:17+0000,female,,single,,d6f2b4de-f9b3-4fdc-96e7-f4360176263d
e9028957-6daa-4844-aeea-1064e24d72f8,Månsson,Rosanna,e9797183-31e9-400f-9fc4-0788a204e586,1986-12-19 17:55:18+0000,female,,single,,
5cbd643b-d526-476a-91b8-bbc8f69e31d7,Lundgren,Edward,7409748b-238f-4ae4-91bd-2e8c19e3b83b,1988-11-18 17:55:18+0000,male,,single,,
f4636ca7-cebb-44cb-91cc-e109c5a9c49d,Holmqvist,Leart,359da318-0795-42d5-8c40-46051b4b59be,1954-03-19 17:55:18+0000,male,,single,,
690ef646-c0ec-45e3-9efd-73dff300fb94,Gustafsson,Johnny,e4eae44c-f1d9-41cf-ba3c-f67f77d9ab53,2003-05-19 16:55:17+0000,male,,single,,8fb66940-1a00-4311-b757-6680863f5779
d3ff2010-735a-4815-9190-ec37458de8e1,Lind,Maximus,ecc5c2a4-5c77-44a4-8bf9-c845ada9498b,2015-06-18 16:55:17+0000,male,,single,,00670778-5e54-4eba-a16a-a5167c81615e
4d9aa76e-b797-4777-9ddf-4913ba69a0c5,Lindqvist,Laila,b794fb1b-5710-4668-b33f-ef354616f97b,2010-12-19 17:55:17+0000,female,,single,,7bd5e972-5ffa-4ab2-976b-6bc8b57f3f96
7be36e13-d61b-4aeb-a812-3727cbcc04eb,Lindström,Eleanor ,2d9bf21b-d0a3-4564-a37c-71e946cad465,2011-03-19 17:55:17+0000,female,,single,,e70df032-9d84-447f-8cfd-d8a850a2bac7
74ac9ee6-c0cb-480c-9d44-c2b04cbb445b,Falk,Awa ,4feebe2e-59c7-4263-8a82-d222489f173d,2007-07-19 16:55:17+0000,female,,single,,5b36e7d8-87f0-4c6f-ae64-285d90b6a70e
5f09b16d-8583-4b11-b880-1db107046da8,Ekström,Aron,160c2566-6fd6-4309-a174-336e20b981e9,1998-08-19 16:55:17+0000,male,,married,7e36184e-2609-4f2e-a30b-ad1f478accf9,
2043649c-375e-4608-b2b2-72529f6e3d9e,Sjöberg,Mohamed,8e740f1f-1bd9-4307-966e-3f6ede7f4453,1985-02-16 17:55:17+0000,male,,married,6a9a48cb-50cd-4068-8be3-a41d6751c0bd,
e9230587-e148-4299-98e5-3ed72f03fb9a,Holmberg,Lamis,45e2db31-d9f6-440c-b067-c85988ab6fe4,2007-08-19 16:55:17+0000,female,,single,,79cd431a-aa7b-45f0-91a7-c4114f80b485
04648e3b-0a6d-48a8-9fab-a0a700af76ee,Lindström,Jasmine,2d9bf21b-d0a3-4564-a37c-71e946cad465,2013-12-19 17:55:17+0000,female,,single,,e70df032-9d84-447f-8cfd-d8a850a2bac7
7908fad9-ac11-484f-b3d7-54f1252b574b,Jansson,Alida ,30e4e62b-360a-4164-b210-70699d630072,1949-05-19 17:55:17+0000,female,,married,8510037b-fb5a-45b6-bfa2-7422b799f436,
9887f046-cf03-48d3-a2cd-686bf96622f2,Jakobsson,Almin,f958554f-1810-4188-8365-72e1f6b6f832,2003-08-19 16:55:17+0000,male,,single,,96cf5171-14ce-47aa-b6b0-3bc284568caa
0fd1c11b-fa74-41ee-8306-8309fd9cf923,Engström,Liva ,d4b5b71f-1e7c-4198-9b1a-a7aad5943813,1987-04-18 16:55:17+0000,female,,married,550728e0-d2ca-45c5-9766-351310150041,
df057ebb-c43d-48f6-af02-0b862eeb97eb,Björk,Zara,a3eb3e13-f310-4e2a-898d-f109772393f0,1942-09-18 17:55:17+0000,female,,married,524ceec8-fe78-4aba-a47e-d87696ba7365,
8a313e51-4c50-4fbf-a2aa-97e5b0742502,Henriksson,Meryem,26fc7a7f-1c2a-4ddd-8a22-fb866eb98e7c,1947-09-18 17:55:17+0000,female,,married,960669f5-e5f0-429e-a91c-e164b7a6e259,
f7ea3683-89ec-4647-935a-227f098544ba,Björk,Zain ,a3eb3e13-f310-4e2a-898d-f109772393f0,2000-04-18 16:55:17+0000,male,,single,,df057ebb-c43d-48f6-af02-0b862eeb97eb
00670778-5e54-4eba-a16a-a5167c81615e,Lind,Mina,ecc5c2a4-5c77-44a4-8bf9-c845ada9498b,1988-11-18 17:55:17+0000,female,,married,441b559c-b4c1-4595-b1ee-de53680112ed,
5025af30-8721-470b-9077-701bdae63487,Nilsson,Aurora,a0fd9aa6-6c46-42ad-ae6a-aa4bfbfa5d5e,1947-05-19 17:55:17+0000,female,,married,4ef77da8-9b7c-4a9c-8c90-d35a4ac23307,
1ae624b1-0a33-4408-a343-878fb320f1c0,Jonsson,Nikolaj ,49f95b9e-7dcd-4baf-93ba-9e0f77734cbd,1938-09-18 17:55:17+0000,male,,married,6fdfb579-b43f-4e88-917f-79b1ed5ec9e0,
76de4779-29c5-4fbb-899c-b046048af2d8,Fredriksson,Zack,243fcf20-e7d0-49cc-aa97-bec7c621ac32,2004-03-19 17:55:17+0000,male,,married,cbae6725-a1f2-4ef4-89aa-3c803837a905,
33be875d-d213-465c-90f0-6e0608ca0adf,Lindström,Tilly ,5b78af51-ac45-4cd4-8ca9-3b54423d3480,1978-04-18 17:55:17+0000,female,,married,b880ac38-b9d2-4b5d-b3aa-df0eb7ff27e1,
fc926e6a-dd26-4ab8-8df9-22c5eb803a45,Karlsson,Frank,e4529545-49c2-40d0-8691-587d1f3b7e84,1967-05-19 17:55:17+0000,male,,married,ea6336c0-c506-4fbd-9abf-2d3bd0e956a5,
2c142018-73c3-457d-9e5e-b4ba8daab659,Arvidsson,Caspian,624e36f2-50c0-41f4-b4b3-8025b4c6a146,1936-08-19 17:55:18+0000,male,,single,,
14e09f39-1d86-41a2-aa0e-c31e55ca30a7,Olofsson,Mira,d47a8ad6-f3bc-42ac-ba61-8df5806ff63d,1976-04-18 17:55:17+0000,female,,married,b10a9f4f-3054-4a8e-8485-12a36429101e,
a6a940aa-1064-4a14-bfdb-8b80ba72021c,Björk,Mohammed,0f70f9bc-5905-4d54-af3e-e49a31f2706a,1983-07-19 16:55:17+0000,male,,married,14b5f1f6-def1-4329-9a72-a780102ee06c,
bbaacaa2-cfb6-485d-8553-8a4de61ccd7e,Ek,Nico,05fc5619-4521-44c6-8481-cd2481dcea1d,1970-01-19 17:55:18+0000,male,,single,,
4968bae7-825e-48e9-93b3-a8026653bc5c,Sandberg,Zack,8129557f-1da9-428d-a573-626a762b9d4c,2013-03-19 17:55:17+0000,male,,married,c7db911e-ffad-4966-ab5e-9cb80170eb4f,
f1fc6449-35ab-438e-9bd9-7e679730eb16,Ekström,Gösta ,160c2566-6fd6-4309-a174-336e20b981e9,2005-04-18 16:55:17+0000,male,,single,,7e36184e-2609-4f2e-a30b-ad1f478accf9
2253baef-276f-49ca-8aae-af00e5a21df9,Sundström,Asiya ,375790a2-9740-459a-86c3-27be4a6c73c2,1946-10-19 17:55:17+0000,female,,married,15fe5992-8e35-4fd5-a2c8-44d6bf5f0cf6,
49e0d237-36d1-4e4b-8932-aef4fb6fb1dd,Jonsson,Loui ,49f95b9e-7dcd-4baf-93ba-9e0f77734cbd,1999-02-16 17:55:17+0000,male,,single,,6fdfb579-b43f-4e88-917f-79b1ed5ec9e0
81e3582c-0e36-4af5-abae-1f3764b5ed83,Johansson,Esther,5169bfe9-6847-4b15-90c1-d5d1abd25042,1941-03-19 17:55:17+0000,female,,married,7e32d46c-7016-42f7-b85c-124abe10ab1f,
6a973a35-90be-4abc-a8d3-84edf64f8292,Nilsson,Daisy ,b2968597-7f73-47f9-b211-ea7bd6da9bf6,2014-05-19 16:55:17+0000,female,,single,,4b3ecbc5-072d-4e80-b09b-10302cdc688f
2218ac44-7bdd-49b7-a7ed-089b821cd568,Björk,Maya,0f70f9bc-5905-4d54-af3e-e49a31f2706a,2003-05-19 16:55:17+0000,female,,single,,14b5f1f6-def1-4329-9a72-a780102ee06c
dc07e787-0616-4f18-8b1e-938e503ab97d,Jonasson,Antonia,69b71ee0-3f62-48ee-aa3f-9bbc7e0e3e41,2013-02-16 17:55:18+0000,female,,single,,
2a8530fb-c9a0-4521-855c-a7435a754435,Persson,Ludwig,011506fd-4dc4-49e4-a3f9-10d1cd46f65d,1939-12-19 17:55:18+0000,male,,single,,
1e0b37d0-8d91-49c7-a86a-2f50234e68d2,Wikström,Ali,229aa7e6-c592-4c4f-83ab-5cd89663a4eb,1960-02-17 17:55:17+0000,male,,married,2f0f5199-ffe1-453c-9b9a-3865a23a3e67,
f28f5127-554c-41fd-b7e8-91199f2dc3f2,Hedlund,Adem,1e019ae5-0296-443e-8528-1890a807e95d,2009-07-19 16:55:17+0000,male,,single,,f171e094-b29c-4312-9528-b7a943fdc0b6
5b3d38ba-7491-4167-a881-5ca2bf138202,Lindström,Aleksandra,2d9bf21b-d0a3-4564-a37c-71e946cad465,2011-06-18 16:55:17+0000,female,,single,,e70df032-9d84-447f-8cfd-d8a850a2bac7
828452e9-880f-4a78-9548-85b2cb8dd1f2,Hellström,Emilie,fb403bce-1687-4149-ba80-7b11bd1df918,2011-07-19 16:55:17+0000,female,,married,a4b98ec3-2b30-4839-baa9-40cad416e6ec,
34f1c1e8-0ef3-4764-ac5c-dc7e0907c0ef,Löfgren,Eddy,ed845e0f-eca2-400b-8f6c-5bb8d698d78c,2000-01-19 17:55:17+0000,male,,single,,eb1bef21-6b91-4e80-85fa-90a203025638
690d011b-abe2-4c90-a76c-cc9e361f5e91,Wikström,Yunus,6913ce55-d280-42f0-85c4-3e35e85749d8,2010-08-19 16:55:17+0000,male,,single,,8818e905-bda1-4325-97ff-4a5cd0d984be
a33987b1-4691-4311-9b98-bd54f0658eb3,Ek,Brian,49736265-20c1-4e43-85cf-ad0939f61886,1997-10-19 16:55:17+0000,male,,married,a47d9d4d-7eaf-4a97-a09e-2163d354d1e8,
efb67cf3-1668-45e1-a48e-92f421c07f54,Jansson,Herman,30e4e62b-360a-4164-b210-70699d630072,2000-08-19 16:55:17+0000,male,,single,,7908fad9-ac11-484f-b3d7-54f1252b574b
f04541df-aed8-4cc1-a8db-7a0a1c7db0bd,Falk,Adna,4feebe2e-59c7-4263-8a82-d222489f173d,2007-10-19 16:55:17+0000,female,,single,,5b36e7d8-87f0-4c6f-ae64-285d90b6a70e
cd987461-da7c-49c2-af60-ffc508eb733a,Sandberg,Zakaria,8129557f-1da9-428d-a573-626a762b9d4c,2014-12-19 17:55:17+0000,male,,single,,c7db911e-ffad-4966-ab5e-9cb80170eb4f
3c43a662-f40f-4b95-84dc-44a634a4fdb3,Engström,Magdalena,d93c342e-b2c1-4469-b33c-03e555baf7fa,1958-02-16 17:55:18+0000,female,,single,,
55ec7d99-e42a-4a29-adfd-79a2342d43ee,Wallin,Vincent,c549a421-de47-4478-918b-b5043cc871aa,2001-03-19 17:55:18+0000,male,,single,,
e2768ce3-c872-44bb-9c29-e2dff8d05904,Forsberg,Danyar,9d4b679a-e25c-400c-afb9-04748ee420fd,1939-10-19 17:55:17+0000,male,,married,a600876a-d604-47d6-b0d2-83c47a154ead,
f1f76059-8995-4d65-8216-f85df47d6261,Hansen,Elijah ,692a3d90-0ab2-407e-a6e4-b3b9c7b5bd2f,2002-12-19 17:55:17+0000,male,,single,,85235db4-4675-463d-979d-eb629d634e79
a31207c0-cc4e-4657-a28f-19d4a91f33f4,Hellström,Linnea,fb403bce-1687-4149-ba80-7b11bd1df918,2006-04-18 16:55:17+0000,female,,single,,828452e9-880f-4a78-9548-85b2cb8dd1f2
3147487b-0d06-4061-bf72-b5b0b09ac806,Mattsson,Colin,17a479be-645c-4751-a9a9-dbda358ea00f,2011-12-19 17:55:17+0000,male,,single,,f42878bc-6f55-4232-be76-9af93c3d29b4
00283f59-e5d5-46b2-adde-140e3a213150,Karlsson,Florian ,eb7972dc-1bb9-420e-a9c2-aaef52a16c69,1998-12-19 17:55:17+0000,male,,single,,42543ee9-5c56-44d9-a36e-079030b91299
bbf2ca2f-55d6-4581-a741-a26548526b7f,Bergman,Savannah,cd30133a-40c9-4795-a917-a9133d366cfb,1959-07-19 17:55:17+0000,female,,married,c76c7d84-45fa-4a4b-875b-b398d9e1af3a,
e5f34219-ebc2-416d-bb16-30e6445037ac,Martinsson,Romeo,d0c76254-b79c-4e84-8ab4-6f5c0aee7b8e,2010-06-18 16:55:17+0000,male,,single,,0d4dbe2d-9cdd-4bc7-a1ce-e350d43748ac
ffd39d82-34e9-4440-9620-1bc75f302da2,Pettersson,Carl,1f6c0250-f774-436d-a471-6e6cc1f81873,2010-01-19 17:55:17+0000,male,,married,86ba049a-99d0-4d23-99fb-c75e0fc24147,
6b544bc2-1ab6-4687-a2e2-2437ef722621,Sandström,Albina,e28cf4da-20d3-4995-98e3-aec7d1534404,2006-12-19 17:55:17+0000,female,,single,,2237beed-7a8b-41a5-b6db-32b9d7f03318
a7770d92-79a5-4205-8df9-270f71456b28,Nyström,Felipe,de1906f2-76e2-490f-b5a0-b156341950cf,1992-12-19 17:55:17+0000,male,,married,b1538645-42a5-472c-9775-8d13ea05b41d,
e7458e71-f2f1-4ed3-9756-5d34794357dc,Nilsson,Fred,b2968597-7f73-47f9-b211-ea7bd6da9bf6,1957-12-19 17:55:17+0000,male,,married,4b3ecbc5-072d-4e80-b09b-10302cdc688f,
527edbe4-4e40-4994-bcaf-e4c6e3099e6f,Viklund,Lasse ,9ad4ae3d-2456-47cb-a0c4-0335e7449ec1,1985-11-18 17:55:17+0000,male,,married,98da022c-b899-4788-95cf-49b8bad1b592,
63f39307-ff66-4dd3-8594-e599ffd950d0,Mohamed,Celine,b4a956f1-ffd9-43cc-9314-7b49195d848b,1955-07-19 17:55:17+0000,female,,married,6521edf4-f3df-4d06-b19c-1278187d4f5a,
ab2ebba2-bed8-4e20-82b4-a88546bd771a,Gustafsson,Evan,fd5cbbf6-6638-46d7-96c6-c32cc3896bf7,2012-02-17 17:55:18+0000,male,,single,,
70926578-b1d2-4c89-a1b1-3540d2114e80,Hedlund,Hilmer ,5da6dc95-4aba-4f1a-a4c3-ca1427335f23,1980-06-18 16:55:18+0000,male,,single,,
7e4b9477-e947-4392-a7bb-67de37ff55ca,Månsson,Daniel,b0334bfa-9acb-4fa1-a105-7fffcb792bfc,1988-02-17 17:55:17+0000,male,,married,02a4949f-112d-4f76-a548-a1d08eaa0c34,
972b005b-6972-47f2-87a9-5f39162c4036,Lindström,Mustafa,b21e39fa-b79a-4985-88d0-bd4f3b13672d,2005-06-18 16:55:17+0000,male,,single,,e6a3b90a-5b3e-48de-894b-5c15dede80cb
bc4baa8c-0c9b-4ed4-ac59-49e30be21d2b,Gunnarsson,Veronika,8df7ce72-88b1-44b6-b37c-4b7d2b2654b6,1947-03-19 17:55:17+0000,female,,married,9f05b949-392f-4ee5-ae28-e50ad2ab07a1,
8f26bf58-da6e-46a6-9ba6-5047c2e75e25,Lindholm,Gusten ,960f2396-6b86-475a-8c31-2a5cb9511cdf,2003-12-19 17:55:17+0000,male,,single,,25452a95-c913-4ad2-8e88-59b4bd913891
2d10e3c3-e474-4844-899c-489e7ad82ce1,Sjöberg,Zara,b73baba3-d932-44a8-824e-cddb0cc9999c,1936-09-18 17:55:17+0000,female,,married,37f37ee2-ab0c-43df-8900-2b8a57345c41,
573d8a6b-05de-4ea4-a7b5-c9d113440e68,Hansson,Eva,63673a96-f5ee-424b-9245-003739721622,1985-02-16 17:55:18+0000,female,,single,,
3541a1d0-3849-4da7-8951-528db02871dc,Jonsson,Livia,49f95b9e-7dcd-4baf-93ba-9e0f77734cbd,1998-07-19 16:55:17+0000,female,,single,,6fdfb579-b43f-4e88-917f-79b1ed5ec9e0
c629338d-a6ea-4107-9482-6f46d1a56cb8,Åkesson,Juni,f13c4088-2180-4e00-9663-0f913adc27fc,1955-06-18 17:55:17+0000,female,,married,3f551fb1-0dda-48f2-8e12-64ceb99d597d,
8afbabe7-0e97-40ab-b1be-a5318f5fafac,Lindqvist,Freija ,3b225aa0-ff92-4f30-b50b-9a11bd5a884a,1999-12-19 17:55:17+0000,female,,single,,d6f2b4de-f9b3-4fdc-96e7-f4360176263d
449771dd-5d3d-43db-938c-045edeb9d690,Claesson,Zanna,556eb385-34c4-4fb5-b76c-ad948589a011,1998-11-18 17:55:17+0000,female,,single,,d690ceef-2a8a-4701-b360-936f7d0925ce
40df6e7f-5f79-4459-be03-09e8ae7a4aa9,Öberg,Adeline,df05b133-fbe9-4d78-a327-0d495977b1d3,1987-06-18 16:55:17+0000,female,,married,d24b5724-d369-45c8-9ede-1fdd42bae1e1,
efbdb82d-e2a9-47df-922d-3cbf460988b6,Lindström,Ossian,b21e39fa-b79a-4985-88d0-bd4f3b13672d,2007-05-19 16:55:17+0000,male,,single,,e6a3b90a-5b3e-48de-894b-5c15dede80cb
2509c477-3205-4eaa-a5ec-d6533c35326e,Falk,Franka ,4feebe2e-59c7-4263-8a82-d222489f173d,2009-06-18 16:55:17+0000,female,,single,,5b36e7d8-87f0-4c6f-ae64-285d90b6a70e
ec74aaaf-431d-41c7-a07f-7ac11284bdbe,Karlsson,Imran ,42c42a00-0506-4283-b5d7-c46fec228871,1972-03-19 17:55:18+0000,male,,single,,
08d61386-6356-444a-b944-585deb7eaa9f,Svensson,Valle ,3aba38c5-4d51-480f-a723-b0a3cde933c8,2007-02-16 17:55:17+0000,male,,single,,d758b196-c5ae-4e7a-a291-82b78768ae30
f3368a96-7f93-46d9-b5fa-b3affa63eb1c,Holmqvist,Kian,868c3991-6362-444c-bebb-352c054a0a01,2014-08-19 16:55:17+0000,male,,single,,76620b80-f103-43c5-a688-ecf7d4f5e833
7b129408-5369-44a2-be96-72e878c7fbc4,Hedlund,Sonia,c5b02f9b-d2ba-4f00-9627-0de903ddfdce,1959-11-18 17:55:17+0000,female,,married,7d06467a-c21d-44bd-acd8-a9e4ed8e9d4f,
c2074cb7-f8c7-4a9f-8002-02f5e6ba4ee4,Lindqvist,Allie ,5d67f99c-8874-4625-ba49-9cd82c5b2ff3,2001-03-19 17:55:17+0000,female,,single,,db523f56-0964-4af8-b8a7-f0b3746a791b
bb49f874-6f98-497a-87a0-2415b5e52a2f,Jönsson,Fideli,d98f25e9-7e05-42f0-86a1-0a9a209f2497,1940-03-19 17:55:17+0000,female,,married,430ce424-7012-44d5-aedc-a4f29d46fd2e,
7a9fdab3-b9d0-419b-8537-d9c44e5f1de1,Sandström,Tyr ,e28cf4da-20d3-4995-98e3-aec7d1534404,2008-11-18 17:55:17+0000,male,,single,,2237beed-7a8b-41a5-b6db-32b9d7f03318
677d0f88-91c3-4a55-ad97-28cd4005565f,Isaksson,James,16c64e2b-887b-4a61-91af-ad589b36286d,2000-01-19 17:55:17+0000,male,,single,,c47aef63-db32-44ae-9aed-c5a972c52a2a
44dea28a-5aba-4b97-94b7-5c445166400b,Lind,Tiam ,ecc5c2a4-5c77-44a4-8bf9-c845ada9498b,1999-07-19 16:55:17+0000,male,,single,,00670778-5e54-4eba-a16a-a5167c81615e
a1b586c9-d95f-4a5c-bb77-0cf185508f51,Karlsson,Lovi ,e4529545-49c2-40d0-8691-587d1f3b7e84,1999-09-18 16:55:17+0000,female,,single,,ea6336c0-c506-4fbd-9abf-2d3bd0e956a5
6fdfb579-b43f-4e88-917f-79b1ed5ec9e0,Jonsson,Novelia ,49f95b9e-7dcd-4baf-93ba-9e0f77734cbd,1950-12-19 17:55:17+0000,female,,married,1ae624b1-0a33-4408-a343-878fb320f1c0,
a0df9275-727e-4b20-90dd-f38e018eeb95,Bergström,Adin,c82c6267-22e0-447b-8c7c-8418574af68e,2015-07-19 16:55:18+0000,male,,single,,
f16caa2d-588c-4127-8e36-9e1499b70a33,Hansen,Mimmi,5c71a5bf-c89f-434f-9087-fcd8d70c092c,2014-06-18 16:55:18+0000,female,,single,,
c748b503-c0be-4a47-aff0-8f568aceef78,Karlsson,Safia ,e4529545-49c2-40d0-8691-587d1f3b7e84,2010-01-19 17:55:17+0000,female,,single,,ea6336c0-c506-4fbd-9abf-2d3bd0e956a5
784e960a-3bd7-4742-a51e-35c689004986,Blomqvist,Ilyas ,9c36df3f-6527-41c7-bbe4-ef5b13ee99bd,2010-02-16 17:55:18+0000,male,,single,,
cd45feb9-e55a-427f-809c-cbff2788474d,Martinsson,Zeke ,d0c76254-b79c-4e84-8ab4-6f5c0aee7b8e,1981-09-18 16:55:17+0000,male,,married,0d4dbe2d-9cdd-4bc7-a1ce-e350d43748ac,
6de67480-5be9-4d9e-bdf1-7d58f23c82ed,Ström,Patricia,ebbf23c1-f2a7-4fa9-8a56-ff9871fb468f,1973-03-19 17:55:17+0000,female,,married,0d88309f-7308-4c30-92d1-9c1e4a4b55f5,
307bc5ee-25ca-4030-b77a-5de8426ba412,Sandberg,Kimberly,8129557f-1da9-428d-a573-626a762b9d4c,1998-05-19 16:55:17+0000,female,,single,,c7db911e-ffad-4966-ab5e-9cb80170eb4f
6521edf4-f3df-4d06-b19c-1278187d4f5a,Mohamed,Ibrahim,b4a956f1-ffd9-43cc-9314-7b49195d848b,2007-12-19 17:55:17+0000,male,,married,63f39307-ff66-4dd3-8594-e599ffd950d0,
c89a4077-536c-4f95-aa2c-93efc988b32b,Hedlund,Muad ,83cd51f1-80ce-4352-ae64-1dbe436de768,2001-04-18 16:55:18+0000,male,,single,,
ebd867cf-9cb5-4181-8161-e701a109036e,Isaksson,Vanna,da525fb0-eb5b-48ab-a927-4c6220ea17be,1999-02-16 17:55:17+0000,female,,single,,62080706-1f68-4472-9633-ff78dc185c55
3f98af86-ca1a-442d-a639-07489a812b8e,Sundberg,Aldin,d0d963d3-0757-4ae6-b8c3-470d26cb7615,2008-03-19 17:55:18+0000,male,,single,,
2e76a667-ffec-4dd6-9e78-93a5266d748c,Hellström,Julian,261b6c6f-2b66-4e5e-ab88-c257e9b53d6e,1979-11-18 17:55:18+0000,male,,single,,
133ece05-e31b-4f6d-ac8f-d4bce1a0cfa6,Jönsson,Richard,859413f2-a0d2-42d9-a8b6-0eda87eb648e,2009-12-19 17:55:17+0000,male,,single,,5a7a41a5-f62d-4108-bd65-75ec98bcf2ca
d41b40c7-2c95-4aa1-a283-2f574b34a270,Jonasson,Maggie ,bc3d78a7-d1b3-4755-8109-6c94ca4e7e5a,1999-06-18 16:55:17+0000,female,,single,,0284bd3c-9388-40af-ad9f-b4a05e288fce
353c77e8-118b-4e5f-9f48-8c96afe0ca11,Forsberg,Markus,8bfa22ab-e217-4575-9172-582fc9538b7a,1998-08-19 16:55:17+0000,male,,single,,8388cd45-faae-4da1-baf6-658d01611a2d
eb1bef21-6b91-4e80-85fa-90a203025638,Löfgren,Leija ,ed845e0f-eca2-400b-8f6c-5bb8d698d78c,1956-02-17 17:55:17+0000,female,,married,74c6f7f3-58f9-4633-8afe-342801321d97,
51d4da72-60e4-4f34-9259-acf83cd3f6fb,Lind,Jessika,ecc5c2a4-5c77-44a4-8bf9-c845ada9498b,2008-09-18 16:55:17+0000,female,,single,,00670778-5e54-4eba-a16a-a5167c81615e
cc65efac-41f5-42d0-a6b8-7dd2e67818f6,Lindqvist,Felix,5d67f99c-8874-4625-ba49-9cd82c5b2ff3,2015-07-19 16:55:17+0000,male,,single,,db523f56-0964-4af8-b8a7-f0b3746a791b
a675101f-9c01-4e27-934c-aa9da5ce18f5,Lindqvist,Fatma,5d67f99c-8874-4625-ba49-9cd82c5b2ff3,1998-07-19 16:55:17+0000,female,,single,,db523f56-0964-4af8-b8a7-f0b3746a791b
89494b61-de73-4403-b5fd-6a6b9c53ff2a,Lindström,Mia,2d9bf21b-d0a3-4564-a37c-71e946cad465,2002-11-18 17:55:17+0000,female,,single,,e70df032-9d84-447f-8cfd-d8a850a2bac7
d6f2b4de-f9b3-4fdc-96e7-f4360176263d,Lindqvist,Noa ,3b225aa0-ff92-4f30-b50b-9a11bd5a884a,1945-11-18 17:55:17+0000,female,,married,fd61113b-ee28-4d4d-8d87-9b8764a2e995,
13048633-a2b5-4170-b378-fa6eaa2c56a5,Hansen,Alan,692a3d90-0ab2-407e-a6e4-b3b9c7b5bd2f,2015-08-19 16:55:17+0000,male,,single,,85235db4-4675-463d-979d-eb629d634e79
2678ad01-eb9a-4b26-ad9f-787135524218,Magnusson,Emina,772f604f-ea31-4f3d-ae88-5339afbaf4a5,2004-08-19 16:55:17+0000,female,,married,dda28f3d-5581-41cf-b91d-d512cf8b38ae,
404d0ac1-cd39-462e-b8d9-be99bb90f533,Johansson,Celine,5169bfe9-6847-4b15-90c1-d5d1abd25042,2010-10-19 16:55:17+0000,female,,single,,81e3582c-0e36-4af5-abae-1f3764b5ed83
936fca20-7157-4f7d-b67a-f4373fb8717c,Olsson,Halima,0d1c4fd1-a51f-46a2-b1eb-6bb5d083a812,2014-02-16 17:55:17+0000,female,,single,,869f6d2c-a76d-4311-b327-ad8f63746df1
60a5c90a-66de-4020-9ec8-33e0c6c50684,Jönsson,Novalee,c498df15-fed2-47c3-966d-ca76e504bd8b,1986-03-19 17:55:17+0000,female,,married,b131951c-9661-4679-a733-946f81e9df4e,
b131951c-9661-4679-a733-946f81e9df4e,Jönsson,Almir,c498df15-fed2-47c3-966d-ca76e504bd8b,1954-06-18 17:55:17+0000,male,,married,60a5c90a-66de-4020-9ec8-33e0c6c50684,
a82d90dc-1a35-476d-885d-f269919a87ea,Viklund,Yassin,9ad4ae3d-2456-47cb-a0c4-0335e7449ec1,2002-05-19 16:55:17+0000,male,,single,,98da022c-b899-4788-95cf-49b8bad1b592
77d5c5bb-3d40-4668-9cf0-25856173160c,Blom,Jakob,045792e0-6704-4ca0-9519-76acd88068c9,2009-12-19 17:55:17+0000,male,,single,,8bd1b642-b341-45d6-98af-913e0f3d4885
83723878-539d-410d-8198-7101274d6359,Eriksson,Sanna,fb5bbb93-5d00-454a-bbbb-e9dad2f8bc65,2009-10-19 16:55:17+0000,female,,single,,aa2aa398-d74c-4bde-a850-2a786bcd9130
10f1bf3c-27af-41d8-a6d1-e17947be2547,Sjögren,Noak,465b3cb8-832f-411d-8ef0-0fa1e36b0881,2010-09-18 16:55:17+0000,male,,single,,23bfbdb0-c370-4b65-8bbe-59fbe6d8e933
116ae291-59fa-48cc-87fd-a7841fd4eaba,Lundqvist,Althea ,9e1e6dc5-b69c-4ccc-b5f3-f5b7ba1f4695,1981-05-19 16:55:17+0000,female,,married,b1f28ad0-f95e-4c98-9fe3-d1a1498b0c73,
7e64a7ce-503f-4a71-b73d-eb3461d93e0e,Pettersson,Tilly ,85e5c1a8-752b-4338-a822-37f340cfe211,1952-01-19 17:55:18+0000,female,,single,,
39e5e97e-3bb3-49eb-a632-3d871253ca58,Björk,Kayla ,0f70f9bc-5905-4d54-af3e-e49a31f2706a,1999-08-19 16:55:17+0000,female,,single,,14b5f1f6-def1-4329-9a72-a780102ee06c
d34279ad-2d50-488a-8688-6c32646ae0f6,Nyström,Cindy,de1906f2-76e2-490f-b5a0-b156341950cf,2013-12-19 17:55:17+0000,female,,single,,b1538645-42a5-472c-9775-8d13ea05b41d
63b9d60e-1fe5-4f81-b175-77c5c7d5047e,Hedlund,Tyr ,1e019ae5-0296-443e-8528-1890a807e95d,1968-06-18 17:55:17+0000,male,,married,f171e094-b29c-4312-9528-b7a943fdc0b6,
a54b4dcf-e5ed-4b2d-aa4d-715ca12be696,Forsberg,Erica,8bfa22ab-e217-4575-9172-582fc9538b7a,2014-05-19 16:55:17+0000,female,,single,,8388cd45-faae-4da1-baf6-658d01611a2d
ee0e059c-e6ae-4d02-b7af-f3f444395ca2,Nyström,Fideli,85f64daf-6ed5-4752-ac99-d637490205f1,1948-03-19 17:55:18+0000,female,,single,,
d46a8304-94db-49e0-b49e-989541bcb243,Isaksson,Pelle,16c64e2b-887b-4a61-91af-ad589b36286d,1978-04-18 17:55:17+0000,male,,married,c47aef63-db32-44ae-9aed-c5a972c52a2a,
b721a2e3-69c8-4e3d-b8a0-135d9aa17dba,Mårtensson,Olof,3a5fcaf1-92c4-47b1-90fd-1c55f53b8ed2,1960-11-18 17:55:17+0000,male,,married,38b044c9-221e-4a63-bc1c-14988da8f22e,
3f16212e-42ee-4832-88b8-ffc39a1abbf5,Bergqvist,Dan,1adaad1a-124b-41f5-a718-e85fd5929cd4,1957-08-19 17:55:18+0000,male,,single,,
0f68db7d-e416-4ac6-90c3-74627fbc7563,Hedlund,Miguel ,c5b02f9b-d2ba-4f00-9627-0de903ddfdce,2006-01-19 17:55:17+0000,male,,single,,7b129408-5369-44a2-be96-72e878c7fbc4
1a040ac0-b976-43d2-84b8-57b365b478da,Johansson,Emin,cec17035-0d0e-43d8-a14e-325cd506181c,1942-09-18 17:55:17+0000,male,,married,6d8e4fdd-cf80-4592-88c7-0bc22cdd8097,
469e2a25-010a-4717-88d3-237a2235cc75,Sjögren,Rim,bb85f9bf-03e3-4228-94d3-66cc36ab9f48,1998-11-18 17:55:17+0000,female,,married,057ff9ea-e1fe-4315-9841-3baaa83c45bc,
a1c599a2-c36e-4b8d-9c97-c97a7b208128,Bengtsson,Harley,2c69a8f4-b97c-4f12-95db-4a90dcb24fa5,1972-10-19 17:55:18+0000,male,,single,,
186fa503-0cf8-4db9-b0e6-9817e54f6474,Holmgren,Alin,7abf605c-f3cc-4566-8844-f4c1ddebd170,1962-09-18 17:55:18+0000,female,,single,,
d09fa2fd-39c1-41ba-9d57-a9d0eeef2d23,Gunnarsson,Junie ,2be58e7d-c11a-475f-b68c-58a20c3f2c48,1967-11-18 17:55:17+0000,female,,married,1454cc00-d03c-43fd-8626-03c28ddfcb79,
15e86189-e871-457c-b9ab-22891c9f3da9,Jansson,Karolin,30e4e62b-360a-4164-b210-70699d630072,2000-12-19 17:55:17+0000,female,,single,,7908fad9-ac11-484f-b3d7-54f1252b574b
0907f17b-687e-450e-897d-6fd8bfe1f48d,Hellström,Harry,fb403bce-1687-4149-ba80-7b11bd1df918,2001-04-18 16:55:17+0000,male,,single,,828452e9-880f-4a78-9548-85b2cb8dd1f2
cdced1ef-b50f-4c1f-bfe8-0de736cb905c,Bergqvist,Sasha ,49af5736-34cd-4908-b264-c81239e23eb0,1957-05-19 17:55:18+0000,female,,single,,
dda28f3d-5581-41cf-b91d-d512cf8b38ae,Magnusson,Liam,772f604f-ea31-4f3d-ae88-5339afbaf4a5,1989-08-19 16:55:17+0000,male,,married,2678ad01-eb9a-4b26-ad9f-787135524218,
7c6ca907-5ddd-4767-a499-967883cbe7cd,Lindström,Mona,b21e39fa-b79a-4985-88d0-bd4f3b13672d,2001-07-19 16:55:17+0000,female,,single,,e6a3b90a-5b3e-48de-894b-5c15dede80cb
b019072d-739e-43d7-9483-02901529373c,Holmberg,Winston,c2ea3de2-155a-45b3-8608-002247f1a5d3,1963-03-19 17:55:17+0000,male,,married,8fd65798-8d0e-455c-a8e8-6f08c62a032b,
68392d9d-d934-4850-8601-b66a76b61639,Bengtsson,Elicia ,57aef478-d282-4076-86e7-5fc059a211ca,2005-02-16 17:55:17+0000,female,,married,177bddd6-f43f-457c-bfbf-f65aecfc5abb,
4ef77da8-9b7c-4a9c-8c90-d35a4ac23307,Nilsson,Elliot,a0fd9aa6-6c46-42ad-ae6a-aa4bfbfa5d5e,1946-12-19 17:55:17+0000,male,,married,5025af30-8721-470b-9077-701bdae63487,
88e0356e-2037-48b3-b01d-89df1d0e7317,Henriksson,Nicholas,26fc7a7f-1c2a-4ddd-8a22-fb866eb98e7c,2011-12-19 17:55:17+0000,male,,single,,8a313e51-4c50-4fbf-a2aa-97e5b0742502
c97a411d-8c8f-431e-a251-156c7f64d11c,Lindström,Malva,5b78af51-ac45-4cd4-8ca9-3b54423d3480,2002-01-19 17:55:17+0000,female,,single,,33be875d-d213-465c-90f0-6e0608ca0adf
4c8de654-7700-41ef-b67f-8c589dfa92d0,Nilsson,Sigvard,b2968597-7f73-47f9-b211-ea7bd6da9bf6,2007-11-18 17:55:17+0000,male,,single,,4b3ecbc5-072d-4e80-b09b-10302cdc688f
075ac03d-1a76-4f4f-a3f9-e19a51cdb526,Jonsson,Jennie,c9dc8b60-d27f-430c-b960-782d854df3a5,2008-03-19 17:55:17+0000,female,,single,,0a15938c-2861-440f-8f1e-daa7db108c91
72efed13-435c-429c-94c1-b03c5b8d6cb8,Hellström,Jonathan,fb403bce-1687-4149-ba80-7b11bd1df918,2004-07-19 16:55:17+0000,male,,single,,828452e9-880f-4a78-9548-85b2cb8dd1f2
08a83e52-4a64-4e79-bcfb-ee7e115d9447,Blom,Haris,045792e0-6704-4ca0-9519-76acd88068c9,1964-06-18 17:55:17+0000,male,,married,8bd1b642-b341-45d6-98af-913e0f3d4885,
22f24a93-374c-4b96-89c1-81662aded664,Mårtensson,Malin,2d730527-c652-4861-a3fa-40561bb32f94,1937-01-19 17:55:18+0000,female,,single,,
d525add3-7a6c-48a6-b55a-5a000a567f14,Wallin,Joachim,25e48f39-ecf0-4354-ab87-9125d406f93f,1949-10-19 17:55:18+0000,male,,single,,
c045bd69-aaad-4bd1-8858-8854a444ec6d,Ekström,Zoé ,160c2566-6fd6-4309-a174-336e20b981e9,2007-12-19 17:55:17+0000,female,,single,,7e36184e-2609-4f2e-a30b-ad1f478accf9
67490d49-bca6-4083-86d2-a0d2dc2a9065,Jonsson,Eskil,c9dc8b60-d27f-430c-b960-782d854df3a5,1948-11-18 17:55:17+0000,male,,married,0a15938c-2861-440f-8f1e-daa7db108c91,
e67cfba4-9714-4502-99f7-bf87e08f4d70,Nilsson,Havanna ,5420d441-6fbe-4963-ad8d-5f4f1d67538c,1994-06-18 16:55:18+0000,female,,single,,
1c69144e-25e3-4fa1-9e60-350ea23c539e,Gunnarsson,Elia ,8df7ce72-88b1-44b6-b37c-4b7d2b2654b6,2008-10-19 16:55:17+0000,male,,single,,bc4baa8c-0c9b-4ed4-ac59-49e30be21d2b
7d06467a-c21d-44bd-acd8-a9e4ed8e9d4f,Hedlund,Gustav,c5b02f9b-d2ba-4f00-9627-0de903ddfdce,1977-10-19 17:55:17+0000,male,,married,7b129408-5369-44a2-be96-72e878c7fbc4,
26266fdb-ec1b-4f9e-9afd-7a5d4d4c5039,Eklund,Harry,63cf4fa2-7017-47f0-9dd1-377022847b39,2015-01-19 17:55:17+0000,male,,single,,676798f0-dc91-4370-8fd7-ba2eda389809
4b3ecbc5-072d-4e80-b09b-10302cdc688f,Nilsson,Mika,b2968597-7f73-47f9-b211-ea7bd6da9bf6,1998-07-19 16:55:17+0000,female,,married,e7458e71-f2f1-4ed3-9756-5d34794357dc,
a47d9d4d-7eaf-4a97-a09e-2163d354d1e8,Ek,Kendra ,49736265-20c1-4e43-85cf-ad0939f61886,1975-01-19 17:55:17+0000,female,,married,a33987b1-4691-4311-9b98-bd54f0658eb3,
f0443f51-b025-47b2-bf94-72841f8c3bd4,Nilsson,Emilio,a0fd9aa6-6c46-42ad-ae6a-aa4bfbfa5d5e,2000-06-18 16:55:17+0000,male,,single,,5025af30-8721-470b-9077-701bdae63487
9c95515f-07df-4922-a8ee-5b93ab3838ec,Martinsson,Mahamed ,51a344a8-30be-4a95-8b4b-cdeb569d1931,2005-02-16 17:55:18+0000,male,,single,,
585824dd-11a7-4a00-bc10-a821c3f94501,Norberg,Miliam ,9fc3d9ae-b67b-4aea-888b-84f8288251ad,1985-04-18 16:55:18+0000,male,,single,,
ff470f14-d04d-448c-95d0-696e8970d00e,Lindström,Ryan,2d9bf21b-d0a3-4564-a37c-71e946cad465,1945-04-18 17:55:17+0000,male,,married,e70df032-9d84-447f-8cfd-d8a850a2bac7,
fb7041c9-0b35-41f4-a7e9-2473131e747d,Karlsson,Lukaz ,f73471ee-b588-46d0-a9b0-0a60293d7011,2001-05-19 16:55:17+0000,male,,single,,aa7a8d8f-ed48-4342-b035-e584915fb936
88d0ed2c-245f-4195-8183-2790905ad374,Persson,Louisa,15cb25c7-637b-4cca-a767-7d3aa61586cc,2014-10-19 16:55:18+0000,female,,single,,
a7dd3cfe-2622-4849-b823-49932b467f3b,Abrahamsson,Minea ,73e586ec-6ea1-4eec-a813-275b824b43a1,2016-02-17 17:55:17+0000,female,,single,,335359e9-3906-4c1d-a122-8512f8a3b004
76f325e8-4b62-4746-948f-5f6a4e8454d5,Jonsson,Clara,c9dc8b60-d27f-430c-b960-782d854df3a5,2002-02-16 17:55:17+0000,female,,single,,0a15938c-2861-440f-8f1e-daa7db108c91
aa2aa398-d74c-4bde-a850-2a786bcd9130,Eriksson,Isis ,fb5bbb93-5d00-454a-bbbb-e9dad2f8bc65,1995-12-19 17:55:17+0000,female,,married,f54fb01a-b38d-4c5e-a1ab-97eb1cd22b0f,
15a45b8b-58bb-4c85-a626-f671214febb1,Åström,Arwen ,c98e9056-984b-4c9c-8d0a-3451f532c343,2001-04-18 16:55:18+0000,female,,single,,
1e8601a7-0886-410f-9591-1dee2142857d,Persson,Miley ,ddd7bf78-9a38-4a31-af5d-cf0915fe0b30,1991-02-16 17:55:17+0000,female,,married,82c6ad48-f5f1-4376-8dbd-9233963be9b1,
c90e65cf-32a6-4670-873b-f577c9cbd8a4,Holmqvist,Leja ,868c3991-6362-444c-bebb-352c054a0a01,2010-09-18 16:55:17+0000,female,,single,,76620b80-f103-43c5-a688-ecf7d4f5e833
e8790b9f-5f8a-4ecc-b933-c0b9fda07600,Sandström,Adis,e28cf4da-20d3-4995-98e3-aec7d1534404,2008-09-18 16:55:17+0000,male,,single,,2237beed-7a8b-41a5-b6db-32b9d7f03318
fb70096d-975c-4eb9-b5ff-104acd2cb6d5,Jönsson,Evy ,859413f2-a0d2-42d9-a8b6-0eda87eb648e,2014-05-19 16:55:17+0000,female,,single,,5a7a41a5-f62d-4108-bd65-75ec98bcf2ca
a5b3650f-385d-4deb-9c3c-accc246b192f,Lindström,Birger ,b21e39fa-b79a-4985-88d0-bd4f3b13672d,1982-08-19 16:55:17+0000,male,,married,e6a3b90a-5b3e-48de-894b-5c15dede80cb,
6ab84937-1f2f-477a-9408-89bb09a02bd9,Ström,Tess,361c4d78-73e3-4ac8-91b3-ee70ce0c9422,1946-11-18 17:55:17+0000,female,,married,8e9b3ed4-3ea8-420b-bebb-188ad6134d28,
869f6d2c-a76d-4311-b327-ad8f63746df1,Olsson,Sandra,0d1c4fd1-a51f-46a2-b1eb-6bb5d083a812,1961-12-19 17:55:17+0000,female,,married,2b3e1a5b-7583-4ece-95c0-9664ba4990e1,
98da022c-b899-4788-95cf-49b8bad1b592,Viklund,Thilde,9ad4ae3d-2456-47cb-a0c4-0335e7449ec1,1990-04-18 16:55:17+0000,female,,married,527edbe4-4e40-4994-bcaf-e4c6e3099e6f,
aa7a8d8f-ed48-4342-b035-e584915fb936,Karlsson,Berfin,f73471ee-b588-46d0-a9b0-0a60293d7011,1963-10-19 17:55:17+0000,female,,married,d5e7ef08-c25a-4c53-954d-3bcf61811d80,
529a1b12-e09f-493a-8771-70cebb52e63e,Holmgren,Alvin,4c9b7952-1b91-4a67-b12d-c9a5fcbaf63c,1965-02-16 17:55:17+0000,male,,married,5ea4bded-8ef4-4e55-b4ab-99d72b2f6e14,
42e0caee-f19a-4b3c-ab92-f5f4a8e2a27b,Jonasson,Dina,bc3d78a7-d1b3-4755-8109-6c94ca4e7e5a,2005-02-16 17:55:17+0000,female,,single,,0284bd3c-9388-40af-ad9f-b4a05e288fce
9f05b949-392f-4ee5-ae28-e50ad2ab07a1,Gunnarsson,Noah,8df7ce72-88b1-44b6-b37c-4b7d2b2654b6,1983-02-16 17:55:17+0000,male,,married,bc4baa8c-0c9b-4ed4-ac59-49e30be21d2b,
11000bdf-5e77-4b58-9a65-790fe6cb6afc,Löfgren,Milly ,ed845e0f-eca2-400b-8f6c-5bb8d698d78c,2011-06-18 16:55:17+0000,female,,single,,eb1bef21-6b91-4e80-85fa-90a203025638
787f4d6c-10f9-40dc-8f61-e064732e22eb,Sandström,Ayman ,e28cf4da-20d3-4995-98e3-aec7d1534404,2001-01-19 17:55:17+0000,male,,single,,2237beed-7a8b-41a5-b6db-32b9d7f03318
a0b518c4-f108-441f-93ea-126f6718e9f2,Ekström,Odin ,160c2566-6fd6-4309-a174-336e20b981e9,2002-02-16 17:55:17+0000,male,,single,,7e36184e-2609-4f2e-a30b-ad1f478accf9
6ef94625-55ff-4f02-af1e-ddb49d8c3ca2,Johansson,Annabelle ,5169bfe9-6847-4b15-90c1-d5d1abd25042,2009-02-16 17:55:17+0000,female,,single,,81e3582c-0e36-4af5-abae-1f3764b5ed83
abd476d3-a4a2-47b3-9536-9cddf15d4407,Johansson,Eli,ffd09844-7c02-41f7-b540-e2c384377e62,1943-10-19 17:55:17+0000,male,,married,597a4d79-8936-401a-95c1-b96164262980,
e36c58b7-721c-41ce-93d2-a6c92a5af3c0,Holmgren,Meryem,4c9b7952-1b91-4a67-b12d-c9a5fcbaf63c,2010-03-19 17:55:17+0000,female,,single,,5ea4bded-8ef4-4e55-b4ab-99d72b2f6e14
2fa265be-5ee7-4604-83fe-cb60d331f5f2,Ström,Lorena,361c4d78-73e3-4ac8-91b3-ee70ce0c9422,2009-02-16 17:55:17+0000,female,,single,,6ab84937-1f2f-477a-9408-89bb09a02bd9
d30856ab-2f6f-471e-ad20-6f5e5f9590e3,Sjöberg,Joni ,b73baba3-d932-44a8-824e-cddb0cc9999c,1999-03-19 17:55:17+0000,female,,single,,2d10e3c3-e474-4844-899c-489e7ad82ce1
d7db16b8-881a-4959-91f8-0e6921188830,Lindholm,Todd ,960f2396-6b86-475a-8c31-2a5cb9511cdf,1997-07-19 16:55:17+0000,male,,married,25452a95-c913-4ad2-8e88-59b4bd913891,
a4d2e929-f576-48af-973b-3f53daa2bc34,Abrahamsson,Omar,73e586ec-6ea1-4eec-a813-275b824b43a1,1998-10-19 16:55:17+0000,male,,single,,335359e9-3906-4c1d-a122-8512f8a3b004
7bd5e972-5ffa-4ab2-976b-6bc8b57f3f96,Lindqvist,Simone,b794fb1b-5710-4668-b33f-ef354616f97b,2014-06-18 16:55:17+0000,female,,married,ec1b6bb1-9a1a-4bc6-8b19-53d817d78f20,
7fd9776c-8253-447c-8949-a5b740f621a2,Nyberg,Cazper ,bc94c3e8-5989-4046-bdb1-a32325be2300,2010-12-19 17:55:17+0000,male,,single,,32ab6a2f-1dee-4cca-9073-047c53afc69e
b6cc86d9-f9c6-4fa9-9ead-c7c744ea94e5,Gustafsson,Gabrielle,0236b107-dcd6-46b7-a19a-4d408baaabeb,2003-11-18 17:55:17+0000,female,,single,,c982cea2-d636-4f6f-9ef5-13d70ec2215d
40df9fbf-518e-4b54-99ac-625870f85620,Johansson,Enja ,ffd09844-7c02-41f7-b540-e2c384377e62,2013-12-19 17:55:17+0000,female,,single,,597a4d79-8936-401a-95c1-b96164262980
9efe36ba-76b1-4f9e-8e6b-9eabc8a4b89f,Samuelsson,Filip,1b3cb8d8-0fd8-4d87-9872-1f662b7f0697,2006-08-19 16:55:17+0000,male,,married,bd685a07-5b8e-4584-b838-372eab9519a6,
14b5f1f6-def1-4329-9a72-a780102ee06c,Björk,Farah ,0f70f9bc-5905-4d54-af3e-e49a31f2706a,1981-09-18 16:55:17+0000,female,,married,a6a940aa-1064-4a14-bfdb-8b80ba72021c,
86ba049a-99d0-4d23-99fb-c75e0fc24147,Pettersson,Sana,1f6c0250-f774-436d-a471-6e6cc1f81873,1945-09-18 17:55:17+0000,female,,married,ffd39d82-34e9-4440-9620-1bc75f302da2,
3ecf947f-9377-41a5-a8d6-2f0e24dfd433,Karlsson,Magdalena,e4529545-49c2-40d0-8691-587d1f3b7e84,2006-11-18 17:55:17+0000,female,,single,,ea6336c0-c506-4fbd-9abf-2d3bd0e956a5
64a80ded-d499-44db-b40c-aab3dcbe52a9,Jonsson,Cornelius ,49f95b9e-7dcd-4baf-93ba-9e0f77734cbd,2015-04-18 16:55:17+0000,male,,single,,6fdfb579-b43f-4e88-917f-79b1ed5ec9e0
9ab8b0b4-fc30-47da-8bb8-e11d551143ec,Johansson,Gabriela ,cec17035-0d0e-43d8-a14e-325cd506181c,1999-04-18 16:55:17+0000,female,,single,,6d8e4fdd-cf80-4592-88c7-0bc22cdd8097
67392e2f-ca7b-47a9-aeef-5a1cf5c80b1f,Viklund,Luna,9ad4ae3d-2456-47cb-a0c4-0335e7449ec1,2012-09-18 16:55:17+0000,female,,single,,98da022c-b899-4788-95cf-49b8bad1b592
43aaf62e-e639-4feb-b800-34bad513e9a4,Lindqvist,Annabelle ,b794fb1b-5710-4668-b33f-ef354616f97b,2014-09-18 16:55:17+0000,female,,single,,7bd5e972-5ffa-4ab2-976b-6bc8b57f3f96
d0b8dcbf-aacb-4a1b-a393-4a4dacceeff1,Falk,Freija ,4feebe2e-59c7-4263-8a82-d222489f173d,2009-10-19 16:55:17+0000,female,,single,,5b36e7d8-87f0-4c6f-ae64-285d90b6a70e
96cf5171-14ce-47aa-b6b0-3bc284568caa,Jakobsson,Amira,f958554f-1810-4188-8365-72e1f6b6f832,1988-09-18 16:55:17+0000,female,,married,061d6f73-1b57-455b-a3a4-8855a29aaac7,
51df95ad-573a-41f2-a778-e9da732e433a,Persson,Elmer,ddd7bf78-9a38-4a31-af5d-cf0915fe0b30,2012-05-19 16:55:17+0000,male,,single,,1e8601a7-0886-410f-9591-1dee2142857d
008c4439-f56e-41ed-9dcb-b48215f505f1,Jönsson,Felipe,859413f2-a0d2-42d9-a8b6-0eda87eb648e,1952-08-19 17:55:17+0000,male,,married,5a7a41a5-f62d-4108-bd65-75ec98bcf2ca,
fb55f79b-c69f-41dd-95b1-e31aa533fe1d,Viklund,Thelise ,9ad4ae3d-2456-47cb-a0c4-0335e7449ec1,2005-06-18 16:55:17+0000,female,,single,,98da022c-b899-4788-95cf-49b8bad1b592
5a7a41a5-f62d-4108-bd65-75ec98bcf2ca,Jönsson,Erza,859413f2-a0d2-42d9-a8b6-0eda87eb648e,1961-04-18 17:55:17+0000,female,,married,008c4439-f56e-41ed-9dcb-b48215f505f1,
0d88309f-7308-4c30-92d1-9c1e4a4b55f5,Ström,Efe,ebbf23c1-f2a7-4fa9-8a56-ff9871fb468f,1948-04-18 17:55:17+0000,male,,married,6de67480-5be9-4d9e-bdf1-7d58f23c82ed,
d0012bb0-8029-46da-8f81-9c27c4b69948,Eriksson,Rufus,fb5bbb93-5d00-454a-bbbb-e9dad2f8bc65,2002-02-16 17:55:17+0000,male,,single,,aa2aa398-d74c-4bde-a850-2a786bcd9130
8fd65798-8d0e-455c-a8e8-6f08c62a032b,Holmberg,Tess,c2ea3de2-155a-45b3-8608-002247f1a5d3,1977-09-18 17:55:17+0000,female,,married,b019072d-739e-43d7-9483-02901529373c,
c4a80876-975c-4c32-84da-e39cd617e06e,Blomqvist,Benjamin,c46b3a4d-ac62-4a8a-a70a-90929be3bdce,1964-06-18 17:55:18+0000,male,,single,,
1e57e415-3d31-4ed9-97be-f8b694fd766c,Isaksson,Elena,6d0ff4c5-efb2-4460-a271-1222da01b366,1955-09-18 17:55:18+0000,female,,single,,
88f7451e-3dd1-40cb-a85e-16ee4a01199e,Gustafsson,Nikki,0236b107-dcd6-46b7-a19a-4d408baaabeb,2002-05-19 16:55:17+0000,female,,single,,c982cea2-d636-4f6f-9ef5-13d70ec2215d
e5c127c1-3a77-445f-b2e3-89ba175f66ec,Ekström,Levis ,160c2566-6fd6-4309-a174-336e20b981e9,2014-02-16 17:55:17+0000,male,,single,,7e36184e-2609-4f2e-a30b-ad1f478accf9
32ab6a2f-1dee-4cca-9073-047c53afc69e,Nyberg,Mira,bc94c3e8-5989-4046-bdb1-a32325be2300,1956-03-19 17:55:17+0000,female,,married,6da6a8d3-ec79-4cc4-8c29-938e23f43098,
392e5994-c8d6-4a26-ae5c-11a0459b7a35,Claesson,Albina,556eb385-34c4-4fb5-b76c-ad948589a011,2002-08-19 16:55:17+0000,female,,single,,d690ceef-2a8a-4701-b360-936f7d0925ce
eeb54064-47ff-42bf-8b44-eacb2f820aad,Hedlund,Henrietta,c5b02f9b-d2ba-4f00-9627-0de903ddfdce,2009-09-18 16:55:17+0000,female,,single,,7b129408-5369-44a2-be96-72e878c7fbc4
705ff437-40ca-45a3-b562-0e3d50d50cb2,Lundin,Sarah,a32c0cd5-ecf1-4aa1-ac67-9512bef707a7,1989-10-19 17:55:17+0000,female,,married,489e0b70-8d50-464e-b5b7-565ad3774b8b,
83e376b3-fe17-4f34-b8f6-751038e59a8c,Gunnarsson,Safa,2be58e7d-c11a-475f-b68c-58a20c3f2c48,1999-08-19 16:55:17+0000,female,,single,,d09fa2fd-39c1-41ba-9d57-a9d0eeef2d23
feafa679-c8ea-451f-9c61-6d38d54fab44,Johansson,Lily ,2deee6d4-cc56-49bf-9e81-3af69ebdcd3e,1964-01-19 17:55:17+0000,female,,married,8e8546fd-9046-4bec-81b9-6a731cd2d540,
c9cfa120-b4b7-41c8-b795-b3a825cd0751,Mårtensson,Tyra,3a5fcaf1-92c4-47b1-90fd-1c55f53b8ed2,2012-08-19 16:55:17+0000,female,,single,,38b044c9-221e-4a63-bc1c-14988da8f22e
ff73d457-eb4e-47ef-b0da-0e022b057884,Sjögren,Vincent,465b3cb8-832f-411d-8ef0-0fa1e36b0881,1999-02-16 17:55:17+0000,male,,single,,23bfbdb0-c370-4b65-8bbe-59fbe6d8e933
e5c62270-1863-46bb-a1d8-cfff1fecb079,Eklund,Benin ,44c1846e-04f6-40d4-9098-8b6ba621a85b,2007-04-18 16:55:18+0000,female,,single,,
81c433a1-fdd3-49e3-bbfe-ac04433651fd,Martinsson,Juli,d0c76254-b79c-4e84-8ab4-6f5c0aee7b8e,2010-01-19 17:55:17+0000,female,,single,,0d4dbe2d-9cdd-4bc7-a1ce-e350d43748ac
8388cd45-faae-4da1-baf6-658d01611a2d,Forsberg,Isra,8bfa22ab-e217-4575-9172-582fc9538b7a,1941-07-19 17:55:17+0000,female,,married,b253e3e1-5667-43ef-8594-bf80e22166a8,
b7a1ab42-9d78-4d89-a33f-174f07b772ee,Björk,Malva,0f70f9bc-5905-4d54-af3e-e49a31f2706a,2010-02-16 17:55:17+0000,female,,single,,14b5f1f6-def1-4329-9a72-a780102ee06c
b1538645-42a5-472c-9775-8d13ea05b41d,Nyström,Thilda,de1906f2-76e2-490f-b5a0-b156341950cf,1956-05-19 17:55:17+0000,female,,married,a7770d92-79a5-4205-8df9-270f71456b28,
a3e4ef26-7973-49e8-8e44-d390d2ee280b,Claesson,Martin,1d995497-43b5-4e95-87c0-b07dcdd22e94,1985-01-19 17:55:17+0000,male,,married,b1afdba0-be12-42c5-a64d-d5892ad4cd48,
9883657b-7222-4797-998b-bf36f816e5b3,Martinsson,Loke,d0c76254-b79c-4e84-8ab4-6f5c0aee7b8e,2009-06-18 16:55:17+0000,male,,single,,0d4dbe2d-9cdd-4bc7-a1ce-e350d43748ac
340571ff-cea3-4c6d-a84e-7efb6dcbf0a5,Lundström,Jamie ,536a0b4d-281a-4134-9986-29c30da2204f,1978-11-18 17:55:18+0000,female,,single,,
52c76012-c7f9-4046-9717-6f8d30a56bbf,Johansson,Vincent,cec17035-0d0e-43d8-a14e-325cd506181c,2006-12-19 17:55:17+0000,male,,single,,6d8e4fdd-cf80-4592-88c7-0bc22cdd8097
a4c6c462-7cee-4341-8930-9f125cff379e,Engström,Freya ,d4b5b71f-1e7c-4198-9b1a-a7aad5943813,2015-09-18 16:55:17+0000,female,,single,,0fd1c11b-fa74-41ee-8306-8309fd9cf923
07bc8d9f-62a0-48d2-aca5-64eabb01e316,Björk,Jasmin,0f70f9bc-5905-4d54-af3e-e49a31f2706a,2003-08-19 16:55:17+0000,female,,single,,14b5f1f6-def1-4329-9a72-a780102ee06c
81db2056-9cb4-47fc-b98a-9fb077903323,Persson,Malva,ddd7bf78-9a38-4a31-af5d-cf0915fe0b30,2009-08-19 16:55:17+0000,female,,single,,1e8601a7-0886-410f-9591-1dee2142857d
01c63a8f-f1de-42c7-b4b8-a7baef0d4416,Pettersson,Noam ,7e3fe0c7-fd25-42ed-b4e1-3d328ede872c,1937-07-19 17:55:18+0000,male,,single,,
82c6ad48-f5f1-4376-8dbd-9233963be9b1,Persson,Odd ,ddd7bf78-9a38-4a31-af5d-cf0915fe0b30,1965-05-19 17:55:17+0000,male,,married,1e8601a7-0886-410f-9591-1dee2142857d,
42543ee9-5c56-44d9-a36e-079030b91299,Karlsson,Lavin ,eb7972dc-1bb9-420e-a9c2-aaef52a16c69,1973-07-19 17:55:17+0000,female,,married,ab8b8046-0f22-4278-a953-b973d46eaa78,
39981fd8-3f11-43c5-8bb9-f7060bc79d4c,Sjöberg,Danyar,b73baba3-d932-44a8-824e-cddb0cc9999c,2007-03-19 17:55:17+0000,male,,single,,2d10e3c3-e474-4844-899c-489e7ad82ce1
6da6a8d3-ec79-4cc4-8c29-938e23f43098,Nyberg,Odd ,bc94c3e8-5989-4046-bdb1-a32325be2300,1962-04-18 17:55:17+0000,male,,married,32ab6a2f-1dee-4cca-9073-047c53afc69e,
25aef47b-e238-4044-8135-6b0ed8b9ee67,Holmgren,Eliot ,6975b7a8-e5ff-49ec-a83f-ff0386ab4096,1986-08-19 16:55:18+0000,male,,single,,
b10a9f4f-3054-4a8e-8485-12a36429101e,Olofsson,Helge ,d47a8ad6-f3bc-42ac-ba61-8df5806ff63d,1991-10-19 17:55:17+0000,male,,married,14e09f39-1d86-41a2-aa0e-c31e55ca30a7,
109b08fe-4c73-4ac7-8ba3-f4ebd8991d33,Gustafsson,Edmund ,0236b107-dcd6-46b7-a19a-4d408baaabeb,1987-07-19 16:55:17+0000,male,,married,c982cea2-d636-4f6f-9ef5-13d70ec2215d,
394aed5a-d112-4210-ad98-66dde9a8d460,Sandström,Diar,e28cf4da-20d3-4995-98e3-aec7d1534404,1948-03-19 17:55:17+0000,male,,married,2237beed-7a8b-41a5-b6db-32b9d7f03318,
359932db-1c9c-4b7b-9553-f068fd47c01a,Sundström,Jonah ,375790a2-9740-459a-86c3-27be4a6c73c2,2003-06-18 16:55:17+0000,male,,single,,2253baef-276f-49ca-8aae-af00e5a21df9
03da0edd-b4af-4070-ac5f-3a5f497b5ef0,Bergman,Mauritz,e90ae9ee-945f-407b-97a6-a1536a28a90e,1972-10-19 17:55:17+0000,male,,married,23dd0087-98a5-4147-90bd-fcfceda1f9e4,
34cd6ff9-51fd-40a5-a28e-981359386fa0,Johansson,Milo ,5169bfe9-6847-4b15-90c1-d5d1abd25042,2007-08-19 16:55:17+0000,male,,single,,81e3582c-0e36-4af5-abae-1f3764b5ed83
04b4d1a6-7247-4b25-a9dd-6f8dff0d2a9d,Karlsson,Alan,9f3fe070-7bf2-4c0d-aa34-393cd5fbd82f,1986-05-19 16:55:18+0000,male,,single,,
ca8cc553-7d05-4bae-b5df-e0de42a6759a,Mårtensson,Thure ,3a5fcaf1-92c4-47b1-90fd-1c55f53b8ed2,2016-03-19 17:55:17+0000,male,,single,,38b044c9-221e-4a63-bc1c-14988da8f22e
38fd53db-d49c-4841-957f-5aa3968f0ee1,Olofsson,Chanelle ,b0a2a837-4316-4835-8b58-e944ccfd2f25,1968-01-19 17:55:17+0000,female,,married,648715c0-47fa-4d11-89a9-e04911d95fed,
5ea4bded-8ef4-4e55-b4ab-99d72b2f6e14,Holmgren,Embla,4c9b7952-1b91-4a67-b12d-c9a5fcbaf63c,1984-03-19 17:55:17+0000,female,,married,529a1b12-e09f-493a-8771-70cebb52e63e,
69460bf7-0c4d-4a80-856c-368c2e1dee75,Wikström,Daniela,6913ce55-d280-42f0-85c4-3e35e85749d8,2014-06-18 16:55:17+0000,female,,single,,8818e905-bda1-4325-97ff-4a5cd0d984be
b76c5432-fa83-47e7-a7f7-602fcc192e05,Lindqvist,Lowa,5d67f99c-8874-4625-ba49-9cd82c5b2ff3,2004-02-17 17:55:17+0000,female,,single,,db523f56-0964-4af8-b8a7-f0b3746a791b
ec1b6bb1-9a1a-4bc6-8b19-53d817d78f20,Lindqvist,Akram,b794fb1b-5710-4668-b33f-ef354616f97b,1997-09-18 16:55:17+0000,male,,married,7bd5e972-5ffa-4ab2-976b-6bc8b57f3f96,
a8dd9ae4-2e91-49df-8e04-d3eab92b2d54,Pålsson,Stina,08314225-a629-4ea3-b45e-91b0a3150034,1995-12-19 17:55:18+0000,female,,single,,
d758b196-c5ae-4e7a-a291-82b78768ae30,Svensson,Teodora,3aba38c5-4d51-480f-a723-b0a3cde933c8,1980-06-18 16:55:17+0000,female,,married,38d584c2-89b7-4ce1-b226-605f92a33f24,
2eec314e-8780-4009-833f-a86e95760f7f,Nordin,Dilan,607871f6-d241-486b-80cb-b61efbddb0a8,2015-04-18 16:55:17+0000,female,,single,,b9dc73e9-5bd3-4df5-85ec-5fc42546a017
e2b2f3ec-81ef-419b-82bf-8dcc866d817d,Nyberg,Rufus,2faafefa-f4a5-49ad-be0b-969e128a12ab,1943-03-19 17:55:18+0000,male,,single,,
636edcfc-775b-44bc-a167-b465732acec1,Öberg,Louisa,344a8ee9-c9a3-435f-848a-6a3dbe069e28,2000-11-18 17:55:18+0000,female,,single,,
d24b5724-d369-45c8-9ede-1fdd42bae1e1,Öberg,Dion,df05b133-fbe9-4d78-a327-0d495977b1d3,1972-11-18 17:55:17+0000,male,,married,40df6e7f-5f79-4459-be03-09e8ae7a4aa9,
6d6ef208-ab4d-4cfb-90bd-70cb63c193a5,Persson,Hulda ,ddd7bf78-9a38-4a31-af5d-cf0915fe0b30,2008-11-18 17:55:17+0000,female,,single,,1e8601a7-0886-410f-9591-1dee2142857d
16e7eeaa-64bd-431c-a100-919622fca638,Löfgren,Enes,ed845e0f-eca2-400b-8f6c-5bb8d698d78c,2006-02-16 17:55:17+0000,male,,single,,eb1bef21-6b91-4e80-85fa-90a203025638
a5832ed4-40d7-41bb-98d5-dbca4ef01607,Larsson,Tindra,30cccac3-2d82-4e8b-ad9d-3aaaa1511340,1957-06-18 17:55:17+0000,female,,married,675a721f-4cb4-47c7-a4d4-735633c13306,
51abe88f-58cb-4e6e-825f-14e74a19fa60,Ek,Dion,3954bfce-b68e-45d4-a797-b4fa9b8719f1,1949-11-18 17:55:18+0000,male,,single,,
d0f09404-6079-4f8c-8f1c-9b4fd6ae6328,Ström,Chloé ,361c4d78-73e3-4ac8-91b3-ee70ce0c9422,2002-08-19 16:55:17+0000,female,,single,,6ab84937-1f2f-477a-9408-89bb09a02bd9
60910b7c-11cb-4cfc-92f0-9858a990da24,Hansen,Alan,692a3d90-0ab2-407e-a6e4-b3b9c7b5bd2f,2003-11-18 17:55:17+0000,male,,single,,85235db4-4675-463d-979d-eb629d634e79
b32f93bd-113d-4688-b889-4db921aed6eb,Olofsson,Sigge,59e1cafe-70dc-412c-b794-c29de4acc3e5,1968-11-18 17:55:18+0000,male,,single,,
ccea6b71-37fb-498b-95cb-104670d46fff,Lindström,Teresia,b21e39fa-b79a-4985-88d0-bd4f3b13672d,2015-01-19 17:55:17+0000,female,,single,,e6a3b90a-5b3e-48de-894b-5c15dede80cb
338479d6-f344-42cb-8eb2-0ee37c9e5484,Blomqvist,Isabella,ffa455fc-a08e-473e-94cc-a77866db8788,1991-08-19 16:55:17+0000,female,,married,146d5ccd-dde1-4fb4-89d2-f89d8856812d,
460900bc-681e-421c-865a-27d3c82c2f35,Nordström,Ellion ,2566df8e-a184-4320-9f0f-90369e83accc,2010-11-18 17:55:17+0000,male,,single,,911092d9-1048-4b50-91b1-1a3282886abf
ed394d43-bdfe-4d46-8f5b-69e274ee63bb,Hansen,Helmer,692a3d90-0ab2-407e-a6e4-b3b9c7b5bd2f,2003-04-18 16:55:17+0000,male,,married,85235db4-4675-463d-979d-eb629d634e79,
b8a46503-c1ea-40b0-96ab-15c8625d8655,Olsson,Fredric,4733ff04-41ee-4ff7-9b27-5e3d94a984b5,1999-06-18 16:55:18+0000,male,,single,,
3fbc1a91-efa4-4c7d-9501-418445ef8e76,Gustafsson,Dani,e4eae44c-f1d9-41cf-ba3c-f67f77d9ab53,1999-09-18 16:55:17+0000,male,,married,8fb66940-1a00-4311-b757-6680863f5779,
b73779a7-0fbc-4a6e-8b73-168474f9f31a,Sjöberg,Ola,b73baba3-d932-44a8-824e-cddb0cc9999c,2011-03-19 17:55:17+0000,male,,single,,2d10e3c3-e474-4844-899c-489e7ad82ce1
b880ac38-b9d2-4b5d-b3aa-df0eb7ff27e1,Lindström,Muhammad ,5b78af51-ac45-4cd4-8ca9-3b54423d3480,2008-10-19 16:55:17+0000,male,,married,33be875d-d213-465c-90f0-6e0608ca0adf,
e45e2fee-5ba1-433b-9cc5-d0c678ec9140,Wikström,Nikolina,885bb26e-949f-430b-a805-53080839c5c8,1964-02-17 17:55:18+0000,female,,single,,
676798f0-dc91-4370-8fd7-ba2eda389809,Eklund,Juno ,63cf4fa2-7017-47f0-9dd1-377022847b39,1976-03-19 17:55:17+0000,female,,married,dbaa081f-e3d7-4501-8c38-fd722074e64d,
37f37ee2-ab0c-43df-8900-2b8a57345c41,Sjöberg,Tommy,b73baba3-d932-44a8-824e-cddb0cc9999c,1973-07-19 17:55:17+0000,male,,married,2d10e3c3-e474-4844-899c-489e7ad82ce1,
a0feaffc-69e6-4a25-9966-f7340dbf2e91,Nordström,Isis ,2566df8e-a184-4320-9f0f-90369e83accc,2000-01-19 17:55:17+0000,female,,single,,911092d9-1048-4b50-91b1-1a3282886abf
dbaa081f-e3d7-4501-8c38-fd722074e64d,Eklund,Isac,63cf4fa2-7017-47f0-9dd1-377022847b39,2001-08-19 16:55:17+0000,male,,married,676798f0-dc91-4370-8fd7-ba2eda389809,
2bd38eea-2e1b-4b8e-8e75-8e2354eedb82,Falk,Jonatan,4feebe2e-59c7-4263-8a82-d222489f173d,1998-03-19 17:55:17+0000,male,,married,5b36e7d8-87f0-4c6f-ae64-285d90b6a70e,
146d5ccd-dde1-4fb4-89d2-f89d8856812d,Blomqvist,Nilas ,ffa455fc-a08e-473e-94cc-a77866db8788,2009-11-18 17:55:17+0000,male,,married,338479d6-f344-42cb-8eb2-0ee37c9e5484,
3a9d4e9c-9987-4281-9a96-ac63442a988c,Sandberg,Manne,8129557f-1da9-428d-a573-626a762b9d4c,1999-06-18 16:55:17+0000,male,,single,,c7db911e-ffad-4966-ab5e-9cb80170eb4f
c7db911e-ffad-4966-ab5e-9cb80170eb4f,Sandberg,Emina,8129557f-1da9-428d-a573-626a762b9d4c,1950-03-19 17:55:17+0000,female,,married,4968bae7-825e-48e9-93b3-a8026653bc5c,
f47b3013-3021-4d38-b636-8c3d4b954b4d,Forsberg,Elissa ,9d4b679a-e25c-400c-afb9-04748ee420fd,2007-11-18 17:55:17+0000,female,,single,,a600876a-d604-47d6-b0d2-83c47a154ead
e75947ee-3b82-497e-888d-e1404ab5d97b,Lindqvist,Chris,5d67f99c-8874-4625-ba49-9cd82c5b2ff3,1956-06-18 17:55:17+0000,male,,married,db523f56-0964-4af8-b8a7-f0b3746a791b,
cb34a4ce-29bc-45ec-81a6-5034b25c21f5,Åkesson,Eldana ,f13c4088-2180-4e00-9663-0f913adc27fc,2016-01-19 17:55:17+0000,female,,single,,c629338d-a6ea-4107-9482-6f46d1a56cb8
b98c18e3-16fe-4cf4-9582-2730b8f2cde8,Pålsson,Alan,9bea5326-267a-4ff7-a2b4-3792d368bb07,1996-10-19 16:55:18+0000,male,,single,,
d7ff54c5-bbec-444c-9b06-a29d97cea8a3,Hansen,Astor ,692a3d90-0ab2-407e-a6e4-b3b9c7b5bd2f,2003-02-16 17:55:17+0000,male,,single,,85235db4-4675-463d-979d-eb629d634e79
597a4d79-8936-401a-95c1-b96164262980,Johansson,Sara,ffd09844-7c02-41f7-b540-e2c384377e62,2003-03-19 17:55:17+0000,female,,married,abd476d3-a4a2-47b3-9536-9cddf15d4407,
4cf3c361-2ac0-45fa-8061-209abeef60a3,Viklund,Aksel,9ad4ae3d-2456-47cb-a0c4-0335e7449ec1,2009-08-19 16:55:17+0000,male,,single,,98da022c-b899-4788-95cf-49b8bad1b592
65b54b51-7656-4ec9-93de-a3af9cca844a,Viklund,Ahlam ,9ad4ae3d-2456-47cb-a0c4-0335e7449ec1,2014-11-18 17:55:17+0000,female,,single,,98da022c-b899-4788-95cf-49b8bad1b592
3b5dbf8d-3a8c-4f52-9f58-2647882cdb12,Mattsson,Diego,17a479be-645c-4751-a9a9-dbda358ea00f,2009-02-16 17:55:17+0000,male,,single,,f42878bc-6f55-4232-be76-9af93c3d29b4
911092d9-1048-4b50-91b1-1a3282886abf,Nordström,Nadja,2566df8e-a184-4320-9f0f-90369e83accc,1937-02-16 17:55:17+0000,female,,married,273f03a3-c7c5-407e-b075-58d3c6ddaa22,
6adc3a7d-2617-4b92-b82f-5344b62373c4,Lindqvist,Nor,3b225aa0-ff92-4f30-b50b-9a11bd5a884a,2011-03-19 17:55:17+0000,female,,single,,d6f2b4de-f9b3-4fdc-96e7-f4360176263d
4df67ec6-f041-4007-a898-9e23e7920c2c,Persson,Brian,ddd7bf78-9a38-4a31-af5d-cf0915fe0b30,2009-11-18 17:55:17+0000,male,,single,,1e8601a7-0886-410f-9591-1dee2142857d
39437197-ab95-49ab-a666-a9fd76f196d9,Hansen,Jonathan,692a3d90-0ab2-407e-a6e4-b3b9c7b5bd2f,2012-02-17 17:55:17+0000,male,,single,,85235db4-4675-463d-979d-eb629d634e79
57f1dd39-bb45-4a67-bbbf-f0416fc62809,Mårtensson,Nella,3a5fcaf1-92c4-47b1-90fd-1c55f53b8ed2,2000-09-18 16:55:17+0000,female,,single,,38b044c9-221e-4a63-bc1c-14988da8f22e
8e9b3ed4-3ea8-420b-bebb-188ad6134d28,Ström,Thiago ,361c4d78-73e3-4ac8-91b3-ee70ce0c9422,1937-08-19 17:55:17+0000,male,,married,6ab84937-1f2f-477a-9408-89bb09a02bd9,
7e1bd90b-1cfb-4d52-bcb2-7cbc194b0f11,Sandberg,Rebecca,9b7c6c91-f594-4dbb-abc4-fd1c8ba4e10f,2001-05-19 16:55:18+0000,female,,single,,
506453fc-3ea1-4156-8a2c-3f73b40d7e94,Ali,Abdulahi ,8af875df-4739-458c-bbe8-8bfdd11f705c,1955-07-19 17:55:17+0000,male,,married,ea5976c0-543e-4112-ab40-b89adb53e4ca,
5b36e7d8-87f0-4c6f-ae64-285d90b6a70e,Falk,Milou ,4feebe2e-59c7-4263-8a82-d222489f173d,2014-11-18 17:55:17+0000,female,,married,2bd38eea-2e1b-4b8e-8e75-8e2354eedb82,
efc042be-6517-4fc8-bdc6-2240d21eafe2,Jonsson,Leart,c9dc8b60-d27f-430c-b960-782d854df3a5,2012-08-19 16:55:17+0000,male,,single,,0a15938c-2861-440f-8f1e-daa7db108c91
e9aa599b-11d7-471f-b180-70cd96d824a0,Ekström,Eila ,0b0fd8f5-041e-4365-86f1-8195013392c1,1943-05-19 17:55:18+0000,female,,single,,
a6cf2e3f-86a1-4958-87cb-3e5117109a6c,Mattsson,Taha ,17a479be-645c-4751-a9a9-dbda358ea00f,2009-07-19 16:55:17+0000,male,,single,,f42878bc-6f55-4232-be76-9af93c3d29b4
85235db4-4675-463d-979d-eb629d634e79,Hansen,Ester,692a3d90-0ab2-407e-a6e4-b3b9c7b5bd2f,1939-02-16 17:55:17+0000,female,,married,ed394d43-bdfe-4d46-8f5b-69e274ee63bb,
04ac83e5-5da0-43e2-8df8-50703e7a87b4,Ek,Franka ,49736265-20c1-4e43-85cf-ad0939f61886,2006-08-19 16:55:17+0000,female,,single,,a47d9d4d-7eaf-4a97-a09e-2163d354d1e8
86759fb3-d488-4130-b37c-ec14b056bbc8,Olofsson,Ayla,b0a2a837-4316-4835-8b58-e944ccfd2f25,2009-07-19 16:55:17+0000,female,,single,,38fd53db-d49c-4841-957f-5aa3968f0ee1
a941e0d1-fef7-4050-838d-14ffeb6ee987,Holmgren,Zeinab,220664b8-904d-4dbd-bd0b-a452a5b3ac3a,1976-10-19 17:55:18+0000,female,,single,,
caf5cab9-cd82-47ed-a6ff-4de4172d50d1,Björk,Eline ,0f70f9bc-5905-4d54-af3e-e49a31f2706a,2009-02-16 17:55:17+0000,female,,single,,14b5f1f6-def1-4329-9a72-a780102ee06c
0e59805f-c3b1-4878-b565-c893d6fe5248,Olofsson,Meija ,d47a8ad6-f3bc-42ac-ba61-8df5806ff63d,2015-03-19 17:55:17+0000,female,,single,,14e09f39-1d86-41a2-aa0e-c31e55ca30a7
0e3fbfb8-7696-4db0-bdd0-5c727b76be09,Jonasson,Sam,bc3d78a7-d1b3-4755-8109-6c94ca4e7e5a,2000-10-19 16:55:17+0000,male,,single,,0284bd3c-9388-40af-ad9f-b4a05e288fce
b1afdba0-be12-42c5-a64d-d5892ad4cd48,Claesson,Jenna,1d995497-43b5-4e95-87c0-b07dcdd22e94,1986-02-16 17:55:17+0000,female,,married,a3e4ef26-7973-49e8-8e44-d390d2ee280b,
d031e9ef-c882-4905-8b3c-04b0b1a5fc7e,Gustafsson,Mateo ,0236b107-dcd6-46b7-a19a-4d408baaabeb,2009-03-19 17:55:17+0000,male,,single,,c982cea2-d636-4f6f-9ef5-13d70ec2215d
0d80d280-d176-4fac-9e69-a8371ec72aae,Claesson,Cazper ,556eb385-34c4-4fb5-b76c-ad948589a011,1979-06-18 17:55:17+0000,male,,married,d690ceef-2a8a-4701-b360-936f7d0925ce,
6d8e4fdd-cf80-4592-88c7-0bc22cdd8097,Johansson,Perla ,cec17035-0d0e-43d8-a14e-325cd506181c,2010-10-19 16:55:17+0000,female,,married,1a040ac0-b976-43d2-84b8-57b365b478da,
f42878bc-6f55-4232-be76-9af93c3d29b4,Mattsson,Doris ,17a479be-645c-4751-a9a9-dbda358ea00f,1947-03-19 17:55:17+0000,female,,married,c1edb4de-39fe-4a02-877b-b54ad8ae0032,
2b638c08-4cdd-4ffc-8c3a-e81efbd15ad9,Johansson,Daisy ,cec17035-0d0e-43d8-a14e-325cd506181c,2015-01-19 17:55:17+0000,female,,single,,6d8e4fdd-cf80-4592-88c7-0bc22cdd8097
aa695f13-5bd3-4ab9-bc75-c6cd61ca40c3,Isaksson,Alice,16c64e2b-887b-4a61-91af-ad589b36286d,2010-11-18 17:55:17+0000,female,,single,,c47aef63-db32-44ae-9aed-c5a972c52a2a
76620b80-f103-43c5-a688-ecf7d4f5e833,Holmqvist,Amna,868c3991-6362-444c-bebb-352c054a0a01,1952-04-18 17:55:17+0000,female,,married,3ee0c287-b17e-4dcd-bc81-4972ad3e32a3,
c76c7d84-45fa-4a4b-875b-b398d9e1af3a,Bergman,Karim,cd30133a-40c9-4795-a917-a9133d366cfb,1999-06-18 16:55:17+0000,male,,married,bbf2ca2f-55d6-4581-a741-a26548526b7f,
073c7d9d-449d-485d-8e7d-38fb563aed8f,Falk,Olivia,1fb5aa46-9390-432e-b3a0-f91959b4c951,1997-05-19 16:55:18+0000,female,,single,,
71559003-2bbf-4e7e-ad6c-7ce8cf328725,Åberg,Kayla ,e3cc0bab-c743-4759-bc3f-71a8e1873c59,1959-05-19 17:55:18+0000,female,,single,,
2adfc33a-0e28-404a-9ae1-87fb47c45d6a,Sjögren,Florian ,465b3cb8-832f-411d-8ef0-0fa1e36b0881,2016-04-18 16:55:17+0000,male,,single,,23bfbdb0-c370-4b65-8bbe-59fbe6d8e933
ae5f0735-3df8-4e05-832d-80bb11e8628d,Mårtensson,Sonny,714f3fd8-3edf-4fb8-af41-54e1341e5517,1966-05-19 17:55:18+0000,male,,single,,
ee4da390-a1e9-433a-b09d-4fb361dd5472,Olofsson,Jesse ,d47a8ad6-f3bc-42ac-ba61-8df5806ff63d,2002-12-19 17:55:17+0000,male,,single,,14e09f39-1d86-41a2-aa0e-c31e55ca30a7
c16c0c34-750e-4e24-bf68-976157f8fe14,Jönsson,Louie ,859413f2-a0d2-42d9-a8b6-0eda87eb648e,2013-06-18 16:55:17+0000,male,,single,,5a7a41a5-f62d-4108-bd65-75ec98bcf2ca
9de639a9-92ec-4ad7-9591-2dd43e3cf6a3,Nordström,Santino ,2566df8e-a184-4320-9f0f-90369e83accc,2007-06-18 16:55:17+0000,male,,single,,911092d9-1048-4b50-91b1-1a3282886abf
66753917-d04e-4836-8e60-7b345fce8505,Eklund,Petronella,63cf4fa2-7017-47f0-9dd1-377022847b39,2009-11-18 17:55:17+0000,female,,single,,676798f0-dc91-4370-8fd7-ba2eda389809
02a4949f-112d-4f76-a548-a1d08eaa0c34,Månsson,Elice ,b0334bfa-9acb-4fa1-a105-7fffcb792bfc,1938-02-16 17:55:17+0000,female,,married,7e4b9477-e947-4392-a7bb-67de37ff55ca,
703c6beb-fabf-41ca-b9e5-e739e88391be,Jakobsson,Roger,f958554f-1810-4188-8365-72e1f6b6f832,2006-07-19 16:55:17+0000,male,,single,,96cf5171-14ce-47aa-b6b0-3bc284568caa
65777f68-9969-4df1-a088-e3bb389616ea,Eriksson,Vira ,fb5bbb93-5d00-454a-bbbb-e9dad2f8bc65,2000-01-19 17:55:17+0000,female,,single,,aa2aa398-d74c-4bde-a850-2a786bcd9130
9e816e69-127a-4677-9a60-2e029041940e,Olofsson,Joseph,b0a2a837-4316-4835-8b58-e944ccfd2f25,2005-06-18 16:55:17+0000,male,,single,,38fd53db-d49c-4841-957f-5aa3968f0ee1
f4a29864-046d-477b-bf29-c6f970765923,Holmberg,Viking,45e2db31-d9f6-440c-b067-c85988ab6fe4,2008-05-19 16:55:17+0000,male,,married,79cd431a-aa7b-45f0-91a7-c4114f80b485,
0284bd3c-9388-40af-ad9f-b4a05e288fce,Jonasson,Amy,bc3d78a7-d1b3-4755-8109-6c94ca4e7e5a,1970-09-18 17:55:17+0000,female,,married,28b338ec-83e6-4328-85fa-d90893d935cb,
9f0de0c5-2c19-49d4-8149-0d7c743a178e,Eklund,Vide,63cf4fa2-7017-47f0-9dd1-377022847b39,2006-01-19 17:55:17+0000,male,,single,,676798f0-dc91-4370-8fd7-ba2eda389809
91789e2b-a1d8-42c2-8a91-0d18c784f2a0,Abrahamsson,Ninja ,a8fa6710-dba4-4798-9150-07abcdec29d2,2010-01-19 17:55:18+0000,female,,single,,
b9468362-a2d4-48cd-838e-d21c61c7918e,Eklund,Viggo,63cf4fa2-7017-47f0-9dd1-377022847b39,1998-10-19 16:55:17+0000,male,,single,,676798f0-dc91-4370-8fd7-ba2eda389809
809068e2-8150-40aa-830b-e6dc9796de57,Lindström,Ellie,b21e39fa-b79a-4985-88d0-bd4f3b13672d,2001-08-19 16:55:17+0000,female,,single,,e6a3b90a-5b3e-48de-894b-5c15dede80cb
8e8546fd-9046-4bec-81b9-6a731cd2d540,Johansson,Bob ,2deee6d4-cc56-49bf-9e81-3af69ebdcd3e,1963-08-19 17:55:17+0000,male,,married,feafa679-c8ea-451f-9c61-6d38d54fab44,
1861dd86-0047-43d6-82e5-181bbe00048b,Falk,Sofie,bc87626f-6cad-42d8-9ed1-b7f5c4602b59,1995-08-19 16:55:18+0000,female,,single,,
1ca2060a-8442-4cec-94a4-6fc2b776c954,Claesson,Zoey ,e99b0aa6-7674-4ed5-a8e3-093190ad0d43,1973-08-19 17:55:18+0000,female,,single,,
057ff9ea-e1fe-4315-9841-3baaa83c45bc,Sjögren,Yonis,bb85f9bf-03e3-4228-94d3-66cc36ab9f48,1976-09-18 17:55:17+0000,male,,married,469e2a25-010a-4717-88d3-237a2235cc75,
58d84567-f9be-4ec1-97fc-c105e732e8bb,Strömberg,Gunnar,e27e02d5-5aeb-4f0c-a70c-e8f389fe1b14,1939-06-18 17:55:17+0000,male,,married,fee2e49e-0fe9-4673-a79b-f003fcabe319,
d97479fd-6d48-4f66-981f-721a79a123eb,Abrahamsson,Romeo,73e586ec-6ea1-4eec-a813-275b824b43a1,1943-11-18 17:55:17+0000,male,,married,335359e9-3906-4c1d-a122-8512f8a3b004,
349f703c-acd1-4230-8841-9e7b8912d3f8,Sandberg,Viggo,45643c7e-6052-4d28-8e25-965e857fabce,1975-05-19 17:55:18+0000,male,,single,,
3ee0c287-b17e-4dcd-bc81-4972ad3e32a3,Holmqvist,Jerry,868c3991-6362-444c-bebb-352c054a0a01,1947-09-18 17:55:17+0000,male,,married,76620b80-f103-43c5-a688-ecf7d4f5e833,
33501d49-46fe-4caf-aa39-39c40d6b5917,Eliasson,Blanka ,10b0abda-e128-4a9f-8d33-ac89876e7957,2004-02-17 17:55:18+0000,female,,single,,
8ae3d654-8ace-4358-a02a-03ec2d34d82e,Martinsson,Desirée,d0c76254-b79c-4e84-8ab4-6f5c0aee7b8e,2011-01-19 17:55:17+0000,female,,single,,0d4dbe2d-9cdd-4bc7-a1ce-e350d43748ac
1454cc00-d03c-43fd-8626-03c28ddfcb79,Gunnarsson,Roberto,2be58e7d-c11a-475f-b68c-58a20c3f2c48,1989-06-18 16:55:17+0000,male,,married,d09fa2fd-39c1-41ba-9d57-a9d0eeef2d23,
69f8f0a6-3eeb-4cf9-a037-e9f98b867342,Forsberg,Lasse ,8bfa22ab-e217-4575-9172-582fc9538b7a,2004-01-19 17:55:17+0000,male,,single,,8388cd45-faae-4da1-baf6-658d01611a2d
ed80ef43-b3e9-4a53-ab5f-f32c67886d10,Samuelsson,Kerem,1b3cb8d8-0fd8-4d87-9872-1f662b7f0697,2007-12-19 17:55:17+0000,male,,single,,bd685a07-5b8e-4584-b838-372eab9519a6
3c4a6598-f930-4cab-96ed-584ec90ec69c,Mårtensson,Daria ,3a5fcaf1-92c4-47b1-90fd-1c55f53b8ed2,2015-04-18 16:55:17+0000,female,,single,,38b044c9-221e-4a63-bc1c-14988da8f22e
a1a7b1f4-6d7b-4e08-af47-1647645ab6ed,Claesson,Faiza,556eb385-34c4-4fb5-b76c-ad948589a011,1999-08-19 16:55:17+0000,female,,single,,d690ceef-2a8a-4701-b360-936f7d0925ce
90768ddd-9239-4462-a33a-76244e0b7845,Wikström,Vilhelm,b423616b-202c-48b1-95dc-336261e54f06,1963-12-19 17:55:18+0000,male,,single,,
b431558b-59d1-49a2-9179-6186ff3816a8,Forsberg,Kim,53a3cd61-4121-45fc-b8f4-d98cedd2d0bc,2003-03-19 17:55:18+0000,female,,single,,
db523f56-0964-4af8-b8a7-f0b3746a791b,Lindqvist,Siham ,5d67f99c-8874-4625-ba49-9cd82c5b2ff3,1976-11-18 17:55:17+0000,female,,married,e75947ee-3b82-497e-888d-e1404ab5d97b,
0a249dda-c476-4d2f-8c95-691fb68794e1,Falk,Mingus,3699f42a-02ae-4dcc-bfd0-15d50a13e6b3,1978-09-18 17:55:18+0000,male,,single,,
f9876da1-bd1e-4d62-a6a2-1b47920795d5,Persson,Isa,e6f451e8-6df2-45b0-ad72-2ee62550fa1a,2005-12-19 17:55:18+0000,female,,single,,
8a27ebec-8f19-46c1-8fb4-6daec72befa7,Ström,Edin,361c4d78-73e3-4ac8-91b3-ee70ce0c9422,2007-08-19 16:55:17+0000,male,,single,,6ab84937-1f2f-477a-9408-89bb09a02bd9
fe42629d-8a64-41c1-8f09-9f4ebdce0f84,Lindström,Christofer ,2d9bf21b-d0a3-4564-a37c-71e946cad465,2010-10-19 16:55:17+0000,male,,single,,e70df032-9d84-447f-8cfd-d8a850a2bac7
d9185f4a-81ea-48c4-a846-e30bcecf8a9c,Karlsson,Lea,e4529545-49c2-40d0-8691-587d1f3b7e84,2007-01-19 17:55:17+0000,female,,single,,ea6336c0-c506-4fbd-9abf-2d3bd0e956a5
524ceec8-fe78-4aba-a47e-d87696ba7365,Björk,Kid ,a3eb3e13-f310-4e2a-898d-f109772393f0,1990-11-18 17:55:17+0000,male,,married,df057ebb-c43d-48f6-af02-0b862eeb97eb,
3ef4ad3d-f8fd-4523-b4c2-6954739413d9,Lindholm,Adeline,960f2396-6b86-475a-8c31-2a5cb9511cdf,2006-06-18 16:55:17+0000,female,,single,,25452a95-c913-4ad2-8e88-59b4bd913891
fa473f23-f8e4-44b1-af95-2eb6d82670fd,Jonsson,George,6b7f52f9-e990-4484-905f-bba1cf3c8bea,1987-10-19 17:55:18+0000,male,,single,,
430ce424-7012-44d5-aedc-a4f29d46fd2e,Jönsson,Emin,d98f25e9-7e05-42f0-86a1-0a9a209f2497,1951-09-18 17:55:17+0000,male,,married,bb49f874-6f98-497a-87a0-2415b5e52a2f,
b3e806af-c1f4-459a-9eaa-b20f73bd4d50,Blom,Tamara,9bb626f5-11fe-45a8-a9b1-35d5180cf751,1973-10-19 17:55:17+0000,female,,married,43b37697-3bd6-42ca-94ac-ba89cb63355c,
c47aef63-db32-44ae-9aed-c5a972c52a2a,Isaksson,Emmy,16c64e2b-887b-4a61-91af-ad589b36286d,1960-01-19 17:55:17+0000,female,,married,d46a8304-94db-49e0-b49e-989541bcb243,
66ef90a8-06f3-41d0-8c9e-7c1e3498f966,Sandström,Kewin,e28cf4da-20d3-4995-98e3-aec7d1534404,2009-10-19 16:55:17+0000,male,,single,,2237beed-7a8b-41a5-b6db-32b9d7f03318
091bf489-5fe3-4768-abb7-2fb6358e8555,Jansson,Yasir ,30e4e62b-360a-4164-b210-70699d630072,2000-02-17 17:55:17+0000,male,,single,,7908fad9-ac11-484f-b3d7-54f1252b574b
e7e6ae74-6a7a-44fd-a4ff-d6c4d571fd67,Olofsson,Anita,3c6bc057-f4cc-4987-adc0-92d0e1f07200,1980-08-19 16:55:18+0000,female,,single,,
b1e8a5fb-6c88-447f-bcfa-844c852fd30d,Ek,Vanessa,49736265-20c1-4e43-85cf-ad0939f61886,2012-03-19 17:55:17+0000,female,,single,,a47d9d4d-7eaf-4a97-a09e-2163d354d1e8
cbae6725-a1f2-4ef4-89aa-3c803837a905,Fredriksson,Casandra,243fcf20-e7d0-49cc-aa97-bec7c621ac32,1992-03-19 17:55:17+0000,female,,married,76de4779-29c5-4fbb-899c-b046048af2d8,
6166aec2-3e09-4d9f-b711-f9d378fa27c6,Johansson,Elva ,6cc624aa-9645-4138-bd04-35463f5f40fb,1943-04-18 17:55:18+0000,female,,single,,
354a1df9-05a5-4696-87f7-d3a5ae8baa53,Forsberg,Keyla ,685decb1-f599-4888-8d95-c173bf0f9eef,1938-09-18 17:55:18+0000,female,,single,,
061d6f73-1b57-455b-a3a4-8855a29aaac7,Jakobsson,Lias ,f958554f-1810-4188-8365-72e1f6b6f832,1950-08-19 17:55:17+0000,male,,married,96cf5171-14ce-47aa-b6b0-3bc284568caa,
0d4dbe2d-9cdd-4bc7-a1ce-e350d43748ac,Martinsson,Najma,d0c76254-b79c-4e84-8ab4-6f5c0aee7b8e,1966-07-19 17:55:17+0000,female,,married,cd45feb9-e55a-427f-809c-cbff2788474d,
3364c1b2-8cdd-436d-9d12-f5647a988d29,Forsberg,Iqra ,9d4b679a-e25c-400c-afb9-04748ee420fd,2004-03-19 17:55:17+0000,female,,single,,a600876a-d604-47d6-b0d2-83c47a154ead
2237beed-7a8b-41a5-b6db-32b9d7f03318,Sandström,Lydia,e28cf4da-20d3-4995-98e3-aec7d1534404,1950-12-19 17:55:17+0000,female,,married,394aed5a-d112-4210-ad98-66dde9a8d460,
39c7a55f-824e-48b3-a6bb-d191fea7773d,Andreasson,Caroline,2edef49e-94b6-4f27-a196-5a4e7fd6ab35,1998-12-19 17:55:17+0000,female,,single,,33a16454-6150-43ee-8d99-198fd6f09459
016eea09-2aef-41ba-af18-0ec844d2f0f7,Wikström,Tuva-Li ,229aa7e6-c592-4c4f-83ab-5cd89663a4eb,1998-05-19 16:55:17+0000,female,,single,,2f0f5199-ffe1-453c-9b9a-3865a23a3e67
a7bd3c89-baf5-4b89-ba6c-2bac8494e550,Isaksson,Ömer ,da525fb0-eb5b-48ab-a927-4c6220ea17be,1955-05-19 17:55:17+0000,male,,married,62080706-1f68-4472-9633-ff78dc185c55,
8a4dd969-4cd6-4aac-8c41-c51127d7b92a,Abrahamsson,Sophie,73e586ec-6ea1-4eec-a813-275b824b43a1,2001-02-16 17:55:17+0000,female,,single,,335359e9-3906-4c1d-a122-8512f8a3b004
13dc523a-897f-410d-b338-21d719fca510,Mårtensson,Fatima,3a5fcaf1-92c4-47b1-90fd-1c55f53b8ed2,2002-01-19 17:55:17+0000,female,,single,,38b044c9-221e-4a63-bc1c-14988da8f22e
76e671d0-3814-4ad8-8040-f4e7724e23aa,Wallin,Zakariya,3f129813-475a-4eed-b74c-a5e4dc90483e,1986-12-19 17:55:18+0000,male,,single,,
8510037b-fb5a-45b6-bfa2-7422b799f436,Jansson,Sean,30e4e62b-360a-4164-b210-70699d630072,2001-04-18 16:55:17+0000,male,,married,7908fad9-ac11-484f-b3d7-54f1252b574b,
fd61113b-ee28-4d4d-8d87-9b8764a2e995,Lindqvist,Per,3b225aa0-ff92-4f30-b50b-9a11bd5a884a,2011-01-19 17:55:17+0000,male,,married,d6f2b4de-f9b3-4fdc-96e7-f4360176263d,
6a9a48cb-50cd-4068-8be3-a41d6751c0bd,Sjöberg,Smilla,8e740f1f-1bd9-4307-966e-3f6ede7f4453,1965-08-19 17:55:17+0000,female,,married,2043649c-375e-4608-b2b2-72529f6e3d9e,
d690ceef-2a8a-4701-b360-936f7d0925ce,Claesson,Alexandra,556eb385-34c4-4fb5-b76c-ad948589a011,1957-10-19 17:55:17+0000,female,,married,0d80d280-d176-4fac-9e69-a8371ec72aae,
d1b19a2d-d2e3-4b2f-8ee4-762ce3e1a3b0,Jönsson,Awa ,d98f25e9-7e05-42f0-86a1-0a9a209f2497,2009-05-19 16:55:17+0000,female,,single,,bb49f874-6f98-497a-87a0-2415b5e52a2f
4ed77bad-6a29-41eb-82df-59ee8533ff3a,Falk,Mattis,4feebe2e-59c7-4263-8a82-d222489f173d,2012-03-19 17:55:17+0000,male,,single,,5b36e7d8-87f0-4c6f-ae64-285d90b6a70e
f61c70a2-0d6d-4497-b921-f223c63f0729,Persson,Algot,ddd7bf78-9a38-4a31-af5d-cf0915fe0b30,2007-11-18 17:55:17+0000,male,,single,,1e8601a7-0886-410f-9591-1dee2142857d
11fd7b62-4929-4f1e-9c4d-da49b39ba1d5,Jönsson,Elizabeth,d98f25e9-7e05-42f0-86a1-0a9a209f2497,2010-02-16 17:55:17+0000,female,,single,,bb49f874-6f98-497a-87a0-2415b5e52a2f
bd2d8b00-8e8f-4240-b0fd-3dc89c719431,Bergman,Mason,cd30133a-40c9-4795-a917-a9133d366cfb,2006-02-16 17:55:17+0000,male,,single,,bbf2ca2f-55d6-4581-a741-a26548526b7f
09ba208e-c8b4-49ee-baf7-afaf687015d3,Jonsson,Ilyas ,5daaab2e-710b-4d3d-9ad9-830886ebb867,1972-03-19 17:55:18+0000,male,,single,,
165c43cb-a4bb-468c-ac71-a347263023c0,Holmgren,Gillis,4c9b7952-1b91-4a67-b12d-c9a5fcbaf63c,2013-11-18 17:55:17+0000,male,,single,,5ea4bded-8ef4-4e55-b4ab-99d72b2f6e14
ff39e710-c327-4c6c-8e18-3abef1cc9e24,Lindström,Yousef,6c53bb93-859d-49c6-9448-24d03747ebbf,1965-08-19 17:55:18+0000,male,,single,,
8818e905-bda1-4325-97ff-4a5cd0d984be,Wikström,Emina,6913ce55-d280-42f0-85c4-3e35e85749d8,1962-02-16 17:55:17+0000,female,,married,74401648-c4d3-4a84-bbe0-aeaccdcbd7ca,
99881379-1b76-4e87-8fcb-0f0c9bdf1b61,Lindqvist,Lily ,b794fb1b-5710-4668-b33f-ef354616f97b,2002-03-19 17:55:17+0000,female,,single,,7bd5e972-5ffa-4ab2-976b-6bc8b57f3f96
77693246-b4ca-47c5-9d2b-cff783438332,Sundström,Alessandro,375790a2-9740-459a-86c3-27be4a6c73c2,2000-05-19 16:55:17+0000,male,,single,,2253baef-276f-49ca-8aae-af00e5a21df9
8b10def2-be65-4d75-81e1-32dab30b6876,Jakobsson,Nils,f958554f-1810-4188-8365-72e1f6b6f832,2000-06-18 16:55:17+0000,male,,single,,96cf5171-14ce-47aa-b6b0-3bc284568caa
311b8e5b-0f20-48dc-89ba-b9624c7094be,Sjögren,Rut,465b3cb8-832f-411d-8ef0-0fa1e36b0881,2004-12-19 17:55:17+0000,female,,single,,23bfbdb0-c370-4b65-8bbe-59fbe6d8e933
b9b18420-61b6-4650-b899-dc8af9a2b861,Lundgren,Elvin,8cff5806-0beb-4112-a875-0f956019e3bb,1956-04-18 17:55:18+0000,male,,single,,
ee8c9d64-e43d-48d7-97b7-17f82a5d8533,Jönsson,Brandon,d98f25e9-7e05-42f0-86a1-0a9a209f2497,2004-08-19 16:55:17+0000,male,,single,,bb49f874-6f98-497a-87a0-2415b5e52a2f
c23ef6ea-cafa-4bf6-a734-aeab0c3d4d0b,Gunnarsson,Maximilian,8df7ce72-88b1-44b6-b37c-4b7d2b2654b6,2010-06-18 16:55:17+0000,male,,single,,bc4baa8c-0c9b-4ed4-ac59-49e30be21d2b
28b338ec-83e6-4328-85fa-d90893d935cb,Jonasson,Wiggo,bc3d78a7-d1b3-4755-8109-6c94ca4e7e5a,1951-06-18 17:55:17+0000,male,,married,0284bd3c-9388-40af-ad9f-b4a05e288fce,
ce3b17e2-7ca1-4ed2-a7a8-e70f65bdee30,Öberg,Alea,f293161b-3ae2-40e7-8e2f-6a053c4b89c2,1968-08-19 17:55:18+0000,female,,single,,
ef3057db-17a0-4d59-91f2-78ed4c22c88d,Söderberg,Marika,c2a758a4-4fe8-401f-b68f-c6f82585ba05,1967-03-19 17:55:18+0000,female,,single,,
ab66a620-d2ef-4d6a-a70c-c62da120cd3a,Forsberg,Izabell,9d4b679a-e25c-400c-afb9-04748ee420fd,2015-06-18 16:55:17+0000,female,,single,,a600876a-d604-47d6-b0d2-83c47a154ead
38b044c9-221e-4a63-bc1c-14988da8f22e,Mårtensson,Adèle ,3a5fcaf1-92c4-47b1-90fd-1c55f53b8ed2,1952-06-18 17:55:17+0000,female,,married,b721a2e3-69c8-4e3d-b8a0-135d9aa17dba,
ace145cc-53f0-4c3f-8a03-8593e4551a84,Lundqvist,Ema,84351b7c-48be-4f87-b6c9-f386cc0dc78c,2016-01-19 17:55:17+0000,female,,married,c165610a-ef66-458f-a910-37f570a94784,
335359e9-3906-4c1d-a122-8512f8a3b004,Abrahamsson,Jolie ,73e586ec-6ea1-4eec-a813-275b824b43a1,2010-06-18 16:55:17+0000,female,,married,d97479fd-6d48-4f66-981f-721a79a123eb,
7fd8037d-ec3a-4f33-83ef-ba376f421204,Ek,Bo,49736265-20c1-4e43-85cf-ad0939f61886,2014-01-19 17:55:17+0000,male,,single,,a47d9d4d-7eaf-4a97-a09e-2163d354d1e8
b253e3e1-5667-43ef-8594-bf80e22166a8,Forsberg,Richard,8bfa22ab-e217-4575-9172-582fc9538b7a,1964-11-18 17:55:17+0000,male,,married,8388cd45-faae-4da1-baf6-658d01611a2d,
23bfbdb0-c370-4b65-8bbe-59fbe6d8e933,Sjögren,Lava ,465b3cb8-832f-411d-8ef0-0fa1e36b0881,1993-10-19 17:55:17+0000,female,,married,edcbeeb3-a7c9-4de6-b99e-80471cb3623a,
65dc4181-ea65-4edd-8b2c-91ece5cd443d,Lindholm,Kenan,960f2396-6b86-475a-8c31-2a5cb9511cdf,2001-04-18 16:55:17+0000,male,,single,,25452a95-c913-4ad2-8e88-59b4bd913891
c1edb4de-39fe-4a02-877b-b54ad8ae0032,Mattsson,Egil,17a479be-645c-4751-a9a9-dbda358ea00f,1980-09-18 16:55:17+0000,male,,married,f42878bc-6f55-4232-be76-9af93c3d29b4,
38d584c2-89b7-4ce1-b226-605f92a33f24,Svensson,Frank,3aba38c5-4d51-480f-a723-b0a3cde933c8,1969-02-16 17:55:17+0000,male,,married,d758b196-c5ae-4e7a-a291-82b78768ae30,
7eb50d84-9145-4318-9b1d-efeb2d19ebd3,Samuelsson,Chanel ,1b3cb8d8-0fd8-4d87-9872-1f662b7f0697,2005-11-18 17:55:17+0000,female,,single,,bd685a07-5b8e-4584-b838-372eab9519a6
09b9d98a-b23c-450f-8726-69153628a944,Ali,Maryam,9ce6ec93-ff5a-41c5-aa5f-1b745e0a90e4,1962-09-18 17:55:17+0000,female,,married,478394f5-02d2-40b1-8e0c-d27b5e03b193,
4f2ca41b-1066-471a-9e2c-ec66a5291fba,Hedlund,Lennon ,1e019ae5-0296-443e-8528-1890a807e95d,2003-09-18 16:55:17+0000,male,,single,,f171e094-b29c-4312-9528-b7a943fdc0b6
c3a1ed9f-713f-4eda-bc19-7844a913e522,Ekström,Egil,160c2566-6fd6-4309-a174-336e20b981e9,2003-10-19 16:55:17+0000,male,,single,,7e36184e-2609-4f2e-a30b-ad1f478accf9
ba90500e-540c-4085-9522-969a806c9949,Ali,Stina,9ce6ec93-ff5a-41c5-aa5f-1b745e0a90e4,2013-02-16 17:55:17+0000,female,,single,,09b9d98a-b23c-450f-8726-69153628a944
4e89f6fe-ee3f-4794-a61a-72204950b455,Mattsson,Clara,a1e8cdc5-d7dd-4dbd-a7a3-0cf99e939240,1965-04-18 17:55:18+0000,female,,single,,
6ab60894-ecc6-476b-81a7-9520ca567163,Lundqvist,Sonja,84351b7c-48be-4f87-b6c9-f386cc0dc78c,2012-08-19 16:55:17+0000,female,,single,,ace145cc-53f0-4c3f-8a03-8593e4551a84
6263d77e-98de-48ac-aa3b-06f4c533e1eb,Johansson,Alexandra,e9050379-ffdc-4924-b0b5-d237098b031a,1940-04-18 17:55:18+0000,female,,single,,
33a16454-6150-43ee-8d99-198fd6f09459,Andreasson,Melina,2edef49e-94b6-4f27-a196-5a4e7fd6ab35,1946-07-19 17:55:17+0000,female,,married,5159cd9d-cbb2-4503-9d02-b40cdcb5ff1c,
ea393d06-416a-46e4-b116-3039ad67ad43,Nordström,Ella,2566df8e-a184-4320-9f0f-90369e83accc,2001-07-19 16:55:17+0000,female,,single,,911092d9-1048-4b50-91b1-1a3282886abf
56af175c-0606-4bbf-8a76-4353fc97c312,Jonsson,Hans,90dc2ba6-f215-48b0-b0fd-56c17d19b204,1998-01-19 17:55:18+0000,male,,single,,
b9dc73e9-5bd3-4df5-85ec-5fc42546a017,Nordin,Carmen,607871f6-d241-486b-80cb-b61efbddb0a8,1970-08-19 17:55:17+0000,female,,married,31074137-b999-4a31-8bbd-c73a896eee0d,
8492ded3-ef1a-4b4d-a4be-10f9b5141c42,Sundberg,Titus ,b91d6ed0-4c37-439a-82af-9ccf3bf76bed,1959-06-18 17:55:18+0000,male,,single,,
5159cd9d-cbb2-4503-9d02-b40cdcb5ff1c,Andreasson,Yasir ,2edef49e-94b6-4f27-a196-5a4e7fd6ab35,1940-07-19 17:55:17+0000,male,,married,33a16454-6150-43ee-8d99-198fd6f09459,
fe446774-bbf1-4bda-b500-2e82aae8d1f2,Lindqvist,Hillevi,b794fb1b-5710-4668-b33f-ef354616f97b,2009-04-18 16:55:17+0000,female,,single,,7bd5e972-5ffa-4ab2-976b-6bc8b57f3f96
bb6327ce-b302-4884-93c6-bc14e2ee9e86,Lundgren,Aida,a99f345e-cfce-4b1a-b4fc-a7b7f75ef86e,1996-06-18 16:55:18+0000,female,,single,,
9ffa8aac-e706-4cfa-8615-144692c3fde6,Ekström,Ellinor,33afd7b4-8564-4530-bbcf-c1915d736789,1997-11-18 17:55:18+0000,female,,single,,
478394f5-02d2-40b1-8e0c-d27b5e03b193,Ali,Amandus ,9ce6ec93-ff5a-41c5-aa5f-1b745e0a90e4,1957-05-19 17:55:17+0000,male,,married,09b9d98a-b23c-450f-8726-69153628a944,
441b559c-b4c1-4595-b1ee-de53680112ed,Lind,Ralf ,ecc5c2a4-5c77-44a4-8bf9-c845ada9498b,1974-02-16 17:55:17+0000,male,,married,00670778-5e54-4eba-a16a-a5167c81615e,
85a34247-f4cb-45ee-a8e0-7e47235a6ff1,Jönsson,Kelian ,c498df15-fed2-47c3-966d-ca76e504bd8b,2015-11-18 17:55:17+0000,male,,single,,60a5c90a-66de-4020-9ec8-33e0c6c50684
f171e094-b29c-4312-9528-b7a943fdc0b6,Hedlund,Chanelle ,1e019ae5-0296-443e-8528-1890a807e95d,1981-12-19 17:55:17+0000,female,,married,63b9d60e-1fe5-4f81-b175-77c5c7d5047e,
4f97fd36-6ee8-45bd-8ccd-6ecea29d0c04,Lind,Amer,ecc5c2a4-5c77-44a4-8bf9-c845ada9498b,2012-01-19 17:55:17+0000,male,,single,,00670778-5e54-4eba-a16a-a5167c81615e
489e0b70-8d50-464e-b5b7-565ad3774b8b,Lundin,Jimmie,a32c0cd5-ecf1-4aa1-ac67-9512bef707a7,2000-11-18 17:55:17+0000,male,,married,705ff437-40ca-45a3-b562-0e3d50d50cb2,
ba86466c-dcd7-48e3-a7de-f616312d1e8c,Lundqvist,Lamis,6d97eb55-df1b-416f-8e8f-7989bc78daf1,1970-12-19 17:55:18+0000,female,,single,,
31bc2b89-d9cb-454f-b6ad-d6012a83d8fb,Olofsson,Miguel ,c413cefa-781d-4be5-a70f-5a82282ddfa0,1955-09-18 17:55:18+0000,male,,single,,
1471993a-4917-4e04-8f99-172994bb0a69,Sjöberg,Nadja,e1aa5be3-f10a-4762-a580-d89939c45f74,1948-10-19 17:55:18+0000,female,,single,,
bc1bcac4-00e6-449d-8bde-a500c6ed2066,Björk,Erza,a3eb3e13-f310-4e2a-898d-f109772393f0,2014-08-19 16:55:17+0000,female,,single,,df057ebb-c43d-48f6-af02-0b862eeb97eb
e1d0f8d6-6c59-49e8-a088-cdf992a3e10b,Jakobsson,Nahom,f958554f-1810-4188-8365-72e1f6b6f832,2008-12-19 17:55:17+0000,male,,single,,96cf5171-14ce-47aa-b6b0-3bc284568caa
8fb66940-1a00-4311-b757-6680863f5779,Gustafsson,Esma ,e4eae44c-f1d9-41cf-ba3c-f67f77d9ab53,1990-03-19 17:55:17+0000,female,,married,3fbc1a91-efa4-4c7d-9501-418445ef8e76,
cc810169-cdac-4c82-abc2-bc4b17638d5b,Lundström,Josefina,50ef09fe-71d7-486c-a401-d0e565b9b174,2004-09-18 16:55:18+0000,female,,single,,
81251da5-f3cd-4d7b-94f0-eeea5d6f86d7,Lindström,Thure ,5b78af51-ac45-4cd4-8ca9-3b54423d3480,1999-08-19 16:55:17+0000,male,,single,,33be875d-d213-465c-90f0-6e0608ca0adf
210a0f1c-093e-4639-a92f-6c48cfa3cda4,Nordström,Thiago ,2566df8e-a184-4320-9f0f-90369e83accc,2015-05-19 16:55:17+0000,male,,single,,911092d9-1048-4b50-91b1-1a3282886abf
e9a6b94a-746f-4f86-aa19-e58f20c1b4e1,Nyberg,Tristan,bc94c3e8-5989-4046-bdb1-a32325be2300,2008-01-19 17:55:17+0000,male,,single,,32ab6a2f-1dee-4cca-9073-047c53afc69e
2eeccf7b-3cbf-41e0-af87-d20d8177dd18,Eriksson,Jolin ,796eb9f1-d2a3-4722-9adb-c2a24bbdc882,1968-06-18 17:55:18+0000,female,,single,,
1218f755-4acc-40f5-aa9b-b8848d686b7f,Ström,Lias ,361c4d78-73e3-4ac8-91b3-ee70ce0c9422,2014-02-16 17:55:17+0000,male,,single,,6ab84937-1f2f-477a-9408-89bb09a02bd9
79cd431a-aa7b-45f0-91a7-c4114f80b485,Holmberg,Monika,45e2db31-d9f6-440c-b067-c85988ab6fe4,1984-06-18 16:55:17+0000,female,,married,f4a29864-046d-477b-bf29-c6f970765923,
891a580c-d971-4546-84b7-3bd6dacb7702,Holmberg,Peter,c2ea3de2-155a-45b3-8608-002247f1a5d3,2008-11-18 17:55:17+0000,male,,single,,8fd65798-8d0e-455c-a8e8-6f08c62a032b
b1f28ad0-f95e-4c98-9fe3-d1a1498b0c73,Lundqvist,Alfons,9e1e6dc5-b69c-4ccc-b5f3-f5b7ba1f4695,2012-05-19 16:55:17+0000,male,,married,116ae291-59fa-48cc-87fd-a7841fd4eaba,
3f551fb1-0dda-48f2-8e12-64ceb99d597d,Åkesson,Adam,f13c4088-2180-4e00-9663-0f913adc27fc,1970-03-19 17:55:17+0000,male,,married,c629338d-a6ea-4107-9482-6f46d1a56cb8,
7a2f53e6-8fb0-4af0-98a5-02da003932e6,Olofsson,Kimberly,b0a2a837-4316-4835-8b58-e944ccfd2f25,2013-02-16 17:55:17+0000,female,,single,,38fd53db-d49c-4841-957f-5aa3968f0ee1
0e756efb-679f-4fc9-9393-5fbc4ab8a398,Hedlund,Valentina,d4d40fd5-4d6d-4840-80db-a7fd7752dead,1946-03-19 17:55:18+0000,female,,single,,
8d10e4df-cdfb-4aa5-a9bc-c68611899e04,Larsson,Adna,30cccac3-2d82-4e8b-ad9d-3aaaa1511340,2011-05-19 16:55:17+0000,female,,single,,a5832ed4-40d7-41bb-98d5-dbca4ef01607
5513c709-53f5-4165-97fe-3f8f0a98f54d,Sjöberg,Karin,b73baba3-d932-44a8-824e-cddb0cc9999c,2016-04-18 16:55:17+0000,female,,single,,2d10e3c3-e474-4844-899c-489e7ad82ce1
ea5976c0-543e-4112-ab40-b89adb53e4ca,Ali,Lucia,8af875df-4739-458c-bbe8-8bfdd11f705c,2007-04-18 16:55:17+0000,female,,married,506453fc-3ea1-4156-8a2c-3f73b40d7e94,
5d4f71f4-a9d3-4ce9-b3ae-ed14ed76cc7a,Lundin,Iqra ,a32c0cd5-ecf1-4aa1-ac67-9512bef707a7,2007-10-19 16:55:17+0000,female,,single,,705ff437-40ca-45a3-b562-0e3d50d50cb2
177bddd6-f43f-457c-bfbf-f65aecfc5abb,Bengtsson,Andi,57aef478-d282-4076-86e7-5fc059a211ca,1980-03-19 17:55:17+0000,male,,married,68392d9d-d934-4850-8601-b66a76b61639,
f902dd3b-f27a-4c14-9410-974655d934a7,Karlsson,Ebba,e4529545-49c2-40d0-8691-587d1f3b7e84,2012-08-19 16:55:17+0000,female,,single,,ea6336c0-c506-4fbd-9abf-2d3bd0e956a5
43b37697-3bd6-42ca-94ac-ba89cb63355c,Blom,Uno ,9bb626f5-11fe-45a8-a9b1-35d5180cf751,1997-03-19 17:55:17+0000,male,,married,b3e806af-c1f4-459a-9eaa-b20f73bd4d50,
b41a574d-8b4f-4d8c-99c6-5d12ff16c01a,Jakobsson,Eskil,3fc05914-8ba1-461e-9538-ae502db0f784,1977-11-18 17:55:18+0000,male,,single,,
0995af6b-1eba-4976-875f-d7fb3a9d9992,Andreasson,Alexis,bfcc9e29-cb4a-43d8-8565-5953239521c8,1944-05-19 17:55:18+0000,male,,single,,
b33b142b-e408-45b0-bdad-6764ea197048,Bergman,Pontus,cd30133a-40c9-4795-a917-a9133d366cfb,1999-10-19 16:55:17+0000,male,,single,,bbf2ca2f-55d6-4581-a741-a26548526b7f
e2e28fcc-360a-472e-93e8-686949af46d4,Gunnarsson,Hamza,2be58e7d-c11a-475f-b68c-58a20c3f2c48,2005-06-18 16:55:17+0000,male,,single,,d09fa2fd-39c1-41ba-9d57-a9d0eeef2d23
bd685a07-5b8e-4584-b838-372eab9519a6,Samuelsson,Melek,1b3cb8d8-0fd8-4d87-9872-1f662b7f0697,1963-01-19 17:55:17+0000,female,,married,9efe36ba-76b1-4f9e-8e6b-9eabc8a4b89f,
351da8d8-2a57-411b-aeb9-558f5f9bf4a1,Andreasson,Emilian ,2edef49e-94b6-4f27-a196-5a4e7fd6ab35,2010-06-18 16:55:17+0000,male,,single,,33a16454-6150-43ee-8d99-198fd6f09459
d07b74fc-42b8-4843-8990-3553684f8017,Johansson,Lamar ,cec17035-0d0e-43d8-a14e-325cd506181c,2002-02-16 17:55:17+0000,female,,single,,6d8e4fdd-cf80-4592-88c7-0bc22cdd8097
abf4251a-4419-4b5f-85e8-39284d6281c0,Sundberg,Truls,4487dd58-dd5e-4520-b08c-14be6297fb03,1998-08-19 16:55:18+0000,male,,single,,
62514b49-74de-4392-bd4e-e639dab8c8eb,Lindholm,Linnéa,a7434550-520e-43fa-ba94-1b42296013df,1985-05-19 16:55:18+0000,female,,single,,
79094ab5-bde5-4c40-9332-583192dab101,Jönsson,Svante,859413f2-a0d2-42d9-a8b6-0eda87eb648e,2005-11-18 17:55:17+0000,male,,single,,5a7a41a5-f62d-4108-bd65-75ec98bcf2ca
74401648-c4d3-4a84-bbe0-aeaccdcbd7ca,Wikström,Erjon,6913ce55-d280-42f0-85c4-3e35e85749d8,2011-12-19 17:55:17+0000,male,,married,8818e905-bda1-4325-97ff-4a5cd0d984be,
f54fb01a-b38d-4c5e-a1ab-97eb1cd22b0f,Eriksson,Roni,fb5bbb93-5d00-454a-bbbb-e9dad2f8bc65,1986-12-19 17:55:17+0000,male,,married,aa2aa398-d74c-4bde-a850-2a786bcd9130,
8e54773f-8253-477e-8647-a681b0bb3d1d,Engström,Paula,d4b5b71f-1e7c-4198-9b1a-a7aad5943813,2012-12-19 17:55:17+0000,female,,single,,0fd1c11b-fa74-41ee-8306-8309fd9cf923
411bb3f5-a764-41f3-be34-ff3028825489,Holmberg,Hugo,bae57d8a-b2b7-4916-8e20-777dd4926c67,2003-04-18 16:55:18+0000,male,,single,,
60bc049f-67ff-4bad-9d8f-91dbd3da2073,Sjögren,Lion,bb85f9bf-03e3-4228-94d3-66cc36ab9f48,1999-04-18 16:55:17+0000,male,,single,,469e2a25-010a-4717-88d3-237a2235cc75
ab8b8046-0f22-4278-a953-b973d46eaa78,Karlsson,Adis,eb7972dc-1bb9-420e-a9c2-aaef52a16c69,1969-10-19 17:55:17+0000,male,,married,42543ee9-5c56-44d9-a36e-079030b91299,
c982cea2-d636-4f6f-9ef5-13d70ec2215d,Gustafsson,Angela,0236b107-dcd6-46b7-a19a-4d408baaabeb,1982-04-18 16:55:17+0000,female,,married,109b08fe-4c73-4ac7-8ba3-f4ebd8991d33,
675a721f-4cb4-47c7-a4d4-735633c13306,Larsson,Rami,30cccac3-2d82-4e8b-ad9d-3aaaa1511340,2013-05-19 16:55:17+0000,male,,married,a5832ed4-40d7-41bb-98d5-dbca4ef01607,
1126dfeb-50b8-462c-afbc-a9e3a8fbb37a,Abrahamsson,Konrad,73e586ec-6ea1-4eec-a813-275b824b43a1,2011-05-19 16:55:17+0000,male,,single,,335359e9-3906-4c1d-a122-8512f8a3b004
d4ff8e81-8faa-4c18-be79-343895e9f94f,Wallin,Lovelia ,884626c6-f50e-41f2-9bd2-b50ccedd1238,1984-08-19 16:55:18+0000,female,,single,,
648715c0-47fa-4d11-89a9-e04911d95fed,Olofsson,Alvin,b0a2a837-4316-4835-8b58-e944ccfd2f25,2008-04-18 16:55:17+0000,male,,married,38fd53db-d49c-4841-957f-5aa3968f0ee1,
bbbebdf5-d0d2-48d0-8dd0-5cb6d3665b6a,Isaksson,Valeria,16c64e2b-887b-4a61-91af-ad589b36286d,2013-01-19 17:55:17+0000,female,,single,,c47aef63-db32-44ae-9aed-c5a972c52a2a
c165610a-ef66-458f-a910-37f570a94784,Lundqvist,Algot,84351b7c-48be-4f87-b6c9-f386cc0dc78c,1963-08-19 17:55:17+0000,male,,married,ace145cc-53f0-4c3f-8a03-8593e4551a84,
1e2864cc-f56d-463c-885f-3c5927a0964d,Lindström,Esther,5b78af51-ac45-4cd4-8ca9-3b54423d3480,2014-01-19 17:55:17+0000,female,,single,,33be875d-d213-465c-90f0-6e0608ca0adf
d17af835-45b5-4c27-bbba-6b18e91940c2,Wikström,Zoey ,229aa7e6-c592-4c4f-83ab-5cd89663a4eb,2007-11-18 17:55:17+0000,female,,single,,2f0f5199-ffe1-453c-9b9a-3865a23a3e67
4ee7a06a-8d4a-4763-bda0-9a37465955fa,Eriksson,Helin,fb5bbb93-5d00-454a-bbbb-e9dad2f8bc65,2015-09-18 16:55:17+0000,female,,single,,aa2aa398-d74c-4bde-a850-2a786bcd9130
783a98c2-4010-4458-99c7-754a4fcdf5a5,Nilsson,Vera,b2968597-7f73-47f9-b211-ea7bd6da9bf6,2007-09-18 16:55:17+0000,female,,single,,4b3ecbc5-072d-4e80-b09b-10302cdc688f
edcbeeb3-a7c9-4de6-b99e-80471cb3623a,Sjögren,Adis,465b3cb8-832f-411d-8ef0-0fa1e36b0881,1995-05-19 16:55:17+0000,male,,married,23bfbdb0-c370-4b65-8bbe-59fbe6d8e933,
d7f1974e-fda3-437a-96a7-2d5ef0b8139e,Ström,Selma,361c4d78-73e3-4ac8-91b3-ee70ce0c9422,2011-02-16 17:55:17+0000,female,,single,,6ab84937-1f2f-477a-9408-89bb09a02bd9
36ee6c77-3d75-4787-a5db-2827ddc1bace,Sundström,Gerda ,c032ad9d-9221-4a02-8e28-65e1cc00d11e,2011-12-19 17:55:18+0000,female,,single,,
